idna_subject,checker_type,destination,source,tested_at,session_id
ad.adview.pl,AVAILABILITY,origin.list,origin.list,2021-10-03 05:28:54.938266,7ebf3eb6063f11076d12dfe3
ad.afilo.pl,AVAILABILITY,origin.list,origin.list,2021-10-03 05:28:58.738802,7ebf3eb6063f11076d12dfe3
ad.filmweb.pl,AVAILABILITY,origin.list,origin.list,2021-10-03 05:29:00.368251,7ebf3eb6063f11076d12dfe3
ad.gazeta.pl,AVAILABILITY,origin.list,origin.list,2021-10-03 05:29:02.691915,7ebf3eb6063f11076d12dfe3
ad.groupon.pl,AVAILABILITY,origin.list,origin.list,2021-10-03 05:29:03.955080,7ebf3eb6063f11076d12dfe3
ad.hosting.pl,AVAILABILITY,origin.list,origin.list,2021-10-03 05:29:05.245582,7ebf3eb6063f11076d12dfe3
ad.pl.doubleclick.net,AVAILABILITY,origin.list,origin.list,2021-10-03 05:29:06.183337,7ebf3eb6063f11076d12dfe3
ad.polskiprzemysl.com.pl,AVAILABILITY,origin.list,origin.list,2021-10-03 05:29:11.406627,7ebf3eb6063f11076d12dfe3
ad.stat.4u.pl,AVAILABILITY,origin.list,origin.list,2021-10-03 05:29:14.260823,7ebf3eb6063f11076d12dfe3
ad.yoyo.pl,AVAILABILITY,origin.list,origin.list,2021-10-03 05:29:15.739764,7ebf3eb6063f11076d12dfe3
ad2.pl,AVAILABILITY,origin.list,origin.list,2021-10-03 05:29:17.568302,7ebf3eb6063f11076d12dfe3
adidm.idmnet.pl,AVAILABILITY,origin.list,origin.list,2021-10-03 05:29:39.158607,7ebf3eb6063f11076d12dfe3
adidm07.idmnet.pl,AVAILABILITY,origin.list,origin.list,2021-10-03 05:30:00.455292,7ebf3eb6063f11076d12dfe3
adkontekst.pl,AVAILABILITY,origin.list,origin.list,2021-10-03 05:30:02.766355,7ebf3eb6063f11076d12dfe3
adp.adview.pl,AVAILABILITY,origin.list,origin.list,2021-10-03 05:30:04.434268,7ebf3eb6063f11076d12dfe3
adp.gazeta.pl,AVAILABILITY,origin.list,origin.list,2021-10-03 05:30:06.070446,7ebf3eb6063f11076d12dfe3
ads.businessclick.pl,AVAILABILITY,origin.list,origin.list,2021-10-03 05:30:27.224160,7ebf3eb6063f11076d12dfe3
ads.comperia.pl,AVAILABILITY,origin.list,origin.list,2021-10-03 05:30:28.905529,7ebf3eb6063f11076d12dfe3
ads.edipresse.pl,AVAILABILITY,origin.list,origin.list,2021-10-03 05:30:30.060770,7ebf3eb6063f11076d12dfe3
ads.idg.com.pl,AVAILABILITY,origin.list,origin.list,2021-10-03 05:30:32.021353,7ebf3eb6063f11076d12dfe3
ads.novem.pl,AVAILABILITY,origin.list,origin.list,2021-10-03 05:30:53.178672,7ebf3eb6063f11076d12dfe3
ads.open.pl,AVAILABILITY,origin.list,origin.list,2021-10-03 05:30:54.827408,7ebf3eb6063f11076d12dfe3
ads2.ekologia.pl,AVAILABILITY,origin.list,origin.list,2021-10-03 05:30:56.670493,7ebf3eb6063f11076d12dfe3
adsearch.adkontekst.pl,AVAILABILITY,origin.list,origin.list,2021-10-03 05:30:59.839428,7ebf3eb6063f11076d12dfe3
adsearch.pl,AVAILABILITY,origin.list,origin.list,2021-10-03 05:31:01.504471,7ebf3eb6063f11076d12dfe3
adserver.gadu-gadu.pl,AVAILABILITY,origin.list,origin.list,2021-10-03 05:31:02.264568,7ebf3eb6063f11076d12dfe3
adserver.home.pl,AVAILABILITY,origin.list,origin.list,2021-10-03 05:31:05.142277,7ebf3eb6063f11076d12dfe3
adserver.magazyn.pl,AVAILABILITY,origin.list,origin.list,2021-10-03 05:31:29.957059,7ebf3eb6063f11076d12dfe3
adserver.pl,AVAILABILITY,origin.list,origin.list,2021-10-03 05:31:31.150842,7ebf3eb6063f11076d12dfe3
adserver.portal.pl,AVAILABILITY,origin.list,origin.list,2021-10-03 05:31:52.547684,7ebf3eb6063f11076d12dfe3
adserver.swiatobrazu.pl,AVAILABILITY,origin.list,origin.list,2021-10-03 05:31:56.730605,7ebf3eb6063f11076d12dfe3
adserver.yanosik.pl,AVAILABILITY,origin.list,origin.list,2021-10-03 05:31:57.989015,7ebf3eb6063f11076d12dfe3
adserver2.atman.pl,AVAILABILITY,origin.list,origin.list,2021-10-03 05:31:59.679914,7ebf3eb6063f11076d12dfe3
adservice.google.com,AVAILABILITY,origin.list,origin.list,2021-10-03 05:32:00.512260,7ebf3eb6063f11076d12dfe3
adservice.google.pl,AVAILABILITY,origin.list,origin.list,2021-10-03 05:32:01.465317,7ebf3eb6063f11076d12dfe3
adserwer.afilo.pl,AVAILABILITY,origin.list,origin.list,2021-10-03 05:32:10.682642,7ebf3eb6063f11076d12dfe3
adseu.novem.pl,AVAILABILITY,origin.list,origin.list,2021-10-03 05:32:31.714098,7ebf3eb6063f11076d12dfe3
adsrv.lua.pl,AVAILABILITY,origin.list,origin.list,2021-10-03 05:32:33.632109,7ebf3eb6063f11076d12dfe3
adtaily.pl,AVAILABILITY,origin.list,origin.list,2021-10-03 05:32:37.058431,7ebf3eb6063f11076d12dfe3
adtext.pl,AVAILABILITY,origin.list,origin.list,2021-10-03 05:32:38.693543,7ebf3eb6063f11076d12dfe3
adtotal.pl,AVAILABILITY,origin.list,origin.list,2021-10-03 05:32:42.518943,7ebf3eb6063f11076d12dfe3
adv.adview.pl,AVAILABILITY,origin.list,origin.list,2021-10-03 05:32:44.144948,7ebf3eb6063f11076d12dfe3
adv.gazeta.pl,AVAILABILITY,origin.list,origin.list,2021-10-03 05:32:45.797875,7ebf3eb6063f11076d12dfe3
adview.pl,AVAILABILITY,origin.list,origin.list,2021-10-03 05:32:47.465594,7ebf3eb6063f11076d12dfe3
afilo.pl,AVAILABILITY,origin.list,origin.list,2021-10-03 05:32:50.897788,7ebf3eb6063f11076d12dfe3
nextclick.pl,AVAILABILITY,origin.list,origin.list,2021-10-03 05:32:55.978102,7ebf3eb6063f11076d12dfe3
analytics.gazeta.pl,AVAILABILITY,origin.list,origin.list,2021-10-03 05:32:57.653812,7ebf3eb6063f11076d12dfe3
ankieta-online.pl,AVAILABILITY,origin.list,origin.list,2021-10-03 05:32:58.402469,7ebf3eb6063f11076d12dfe3
app-measurement.com,AVAILABILITY,origin.list,origin.list,2021-10-03 05:32:59.122354,7ebf3eb6063f11076d12dfe3
app.adjust.com,AVAILABILITY,origin.list,origin.list,2021-10-03 05:33:00.243291,7ebf3eb6063f11076d12dfe3
app2.salesmanago.pl,AVAILABILITY,origin.list,origin.list,2021-10-03 05:33:03.138199,7ebf3eb6063f11076d12dfe3
arbomedia.pl,AVAILABILITY,origin.list,origin.list,2021-10-03 05:33:04.702066,7ebf3eb6063f11076d12dfe3
banery.netart.pl,AVAILABILITY,origin.list,origin.list,2021-10-03 05:33:26.834212,7ebf3eb6063f11076d12dfe3
banners.iq.pl,AVAILABILITY,origin.list,origin.list,2021-10-03 05:33:28.487557,7ebf3eb6063f11076d12dfe3
bbcdn.go.pl.bbelements.com,AVAILABILITY,origin.list,origin.list,2021-10-03 05:33:30.332382,7ebf3eb6063f11076d12dfe3
bi.adview.pl,AVAILABILITY,origin.list,origin.list,2021-10-03 05:33:31.965920,7ebf3eb6063f11076d12dfe3
blogvertising.pl,AVAILABILITY,origin.list,origin.list,2021-10-03 05:33:33.527335,7ebf3eb6063f11076d12dfe3
brahe.apptimize.com,AVAILABILITY,origin.list,origin.list,2021-10-03 05:33:34.437874,7ebf3eb6063f11076d12dfe3
businessclick.com,AVAILABILITY,origin.list,origin.list,2021-10-03 05:33:36.526646,7ebf3eb6063f11076d12dfe3
chip.pl.intellitxt.com,AVAILABILITY,origin.list,origin.list,2021-10-03 05:33:37.621021,7ebf3eb6063f11076d12dfe3
clickad.eo.pl,AVAILABILITY,origin.list,origin.list,2021-10-03 05:33:40.070897,7ebf3eb6063f11076d12dfe3
contextad.pl,AVAILABILITY,origin.list,origin.list,2021-10-03 05:33:41.781227,7ebf3eb6063f11076d12dfe3
cookiecontainer.blox.pl,AVAILABILITY,origin.list,origin.list,2021-10-03 05:33:43.292460,7ebf3eb6063f11076d12dfe3
counter.webmedia.pl,AVAILABILITY,origin.list,origin.list,2021-10-03 05:33:45.028764,7ebf3eb6063f11076d12dfe3
crv.clickad.pl,AVAILABILITY,origin.list,origin.list,2021-10-03 05:34:06.342772,7ebf3eb6063f11076d12dfe3
daib.pl,AVAILABILITY,origin.list,origin.list,2021-10-03 05:34:07.790687,7ebf3eb6063f11076d12dfe3
delivery.clickonometrics.pl,AVAILABILITY,origin.list,origin.list,2021-10-03 05:34:10.169621,7ebf3eb6063f11076d12dfe3
emisja.adsearch.pl,AVAILABILITY,origin.list,origin.list,2021-10-03 05:34:12.310023,7ebf3eb6063f11076d12dfe3
emisja.contentstream.pl,AVAILABILITY,origin.list,origin.list,2021-10-03 05:34:14.306819,7ebf3eb6063f11076d12dfe3
emisjao.contentstream.pl,AVAILABILITY,origin.list,origin.list,2021-10-03 05:34:16.845538,7ebf3eb6063f11076d12dfe3
g.cda.pl,AVAILABILITY,origin.list,origin.list,2021-10-03 05:34:18.970522,7ebf3eb6063f11076d12dfe3
g1.idg.pl,AVAILABILITY,origin.list,origin.list,2021-10-03 05:34:20.593770,7ebf3eb6063f11076d12dfe3
gde.adocean.pl,AVAILABILITY,origin.list,origin.list,2021-10-03 05:34:21.915043,7ebf3eb6063f11076d12dfe3
gem.pl,AVAILABILITY,origin.list,origin.list,2021-10-03 05:34:47.232601,7ebf3eb6063f11076d12dfe3
gg.adocean.pl,AVAILABILITY,origin.list,origin.list,2021-10-03 05:34:48.489197,7ebf3eb6063f11076d12dfe3
go.pl.bbelements.com,AVAILABILITY,origin.list,origin.list,2021-10-03 05:34:50.481179,7ebf3eb6063f11076d12dfe3
gostats.pl,AVAILABILITY,origin.list,origin.list,2021-10-03 05:34:51.636871,7ebf3eb6063f11076d12dfe3
home.hit.stat.pl,AVAILABILITY,origin.list,origin.list,2021-10-03 05:34:55.385098,7ebf3eb6063f11076d12dfe3
hub.com.pl,AVAILABILITY,origin.list,origin.list,2021-10-03 05:34:57.022598,7ebf3eb6063f11076d12dfe3
huomdgde.adocean.pl,AVAILABILITY,origin.list,origin.list,2021-10-03 05:34:58.669955,7ebf3eb6063f11076d12dfe3
im.of.pl,AVAILABILITY,origin.list,origin.list,2021-10-03 05:35:00.303599,7ebf3eb6063f11076d12dfe3
im.xo.pl,AVAILABILITY,origin.list,origin.list,2021-10-03 05:35:01.788710,7ebf3eb6063f11076d12dfe3
interia.adsearch.adkontekst.pl,AVAILABILITY,origin.list,origin.list,2021-10-03 05:35:04.045757,7ebf3eb6063f11076d12dfe3
m.pl.pornzone.tv,AVAILABILITY,origin.list,origin.list,2021-10-03 05:35:05.571987,7ebf3eb6063f11076d12dfe3
market.bia24.pl,AVAILABILITY,origin.list,origin.list,2021-10-03 05:35:08.867114,7ebf3eb6063f11076d12dfe3
media.adcarousel.pl,AVAILABILITY,origin.list,origin.list,2021-10-03 05:35:10.446821,7ebf3eb6063f11076d12dfe3
media.nk-net.pl,AVAILABILITY,origin.list,origin.list,2021-10-03 05:35:11.190802,7ebf3eb6063f11076d12dfe3
megapanel.gem.pl,AVAILABILITY,origin.list,origin.list,2021-10-03 05:35:32.537976,7ebf3eb6063f11076d12dfe3
mir.ec.adkontekst.pl,AVAILABILITY,origin.list,origin.list,2021-10-03 05:35:35.733349,7ebf3eb6063f11076d12dfe3
mis.em.nscontext.eu,AVAILABILITY,origin.list,origin.list,2021-10-03 05:35:38.855432,7ebf3eb6063f11076d12dfe3
mklik.gazeta.pl,AVAILABILITY,origin.list,origin.list,2021-10-03 05:35:40.614066,7ebf3eb6063f11076d12dfe3
mobi.yanosik.pl,AVAILABILITY,origin.list,origin.list,2021-10-03 05:35:42.030361,7ebf3eb6063f11076d12dfe3
onet.hit.stat.pl,AVAILABILITY,origin.list,origin.list,2021-10-03 05:35:45.050658,7ebf3eb6063f11076d12dfe3
openx.kokoma.pl,AVAILABILITY,origin.list,origin.list,2021-10-03 05:35:46.778439,7ebf3eb6063f11076d12dfe3
openx.tai.pl,AVAILABILITY,origin.list,origin.list,2021-10-03 05:35:48.235725,7ebf3eb6063f11076d12dfe3
owabgxis.wp.pl,AVAILABILITY,origin.list,origin.list,2021-10-03 05:35:53.794846,7ebf3eb6063f11076d12dfe3
partner-ts.groupon.pl,AVAILABILITY,origin.list,origin.list,2021-10-03 05:35:54.742893,7ebf3eb6063f11076d12dfe3
partner.ceneo.pl,AVAILABILITY,origin.list,origin.list,2021-10-03 05:35:57.702332,7ebf3eb6063f11076d12dfe3
partner.pobieraczek.pl,AVAILABILITY,origin.list,origin.list,2021-10-03 05:36:18.750883,7ebf3eb6063f11076d12dfe3
partner.wapacz.pl,AVAILABILITY,origin.list,origin.list,2021-10-03 05:36:21.511837,7ebf3eb6063f11076d12dfe3
partner.wapster.pl,AVAILABILITY,origin.list,origin.list,2021-10-03 05:36:23.891365,7ebf3eb6063f11076d12dfe3
pasaz.goryonline.com,AVAILABILITY,origin.list,origin.list,2021-10-03 05:36:26.100937,7ebf3eb6063f11076d12dfe3
pixel.wp.pl,AVAILABILITY,origin.list,origin.list,2021-10-03 05:36:28.086701,7ebf3eb6063f11076d12dfe3
pl.spanel.gem.pl,AVAILABILITY,origin.list,origin.list,2021-10-03 05:36:29.726776,7ebf3eb6063f11076d12dfe3
playlink.pl,AVAILABILITY,origin.list,origin.list,2021-10-03 05:36:31.565787,7ebf3eb6063f11076d12dfe3
pushuser.wp.pl,AVAILABILITY,origin.list,origin.list,2021-10-03 05:36:36.224322,7ebf3eb6063f11076d12dfe3
rec.quartic.pl,AVAILABILITY,origin.list,origin.list,2021-10-03 05:36:37.408895,7ebf3eb6063f11076d12dfe3
rek.adtotal.pl,AVAILABILITY,origin.list,origin.list,2021-10-03 05:36:39.421002,7ebf3eb6063f11076d12dfe3
reklamy.sfd.pl,AVAILABILITY,origin.list,origin.list,2021-10-03 05:36:48.010127,7ebf3eb6063f11076d12dfe3
s.di.com.pl,AVAILABILITY,origin.list,origin.list,2021-10-03 05:36:54.894728,7ebf3eb6063f11076d12dfe3
s.spolecznosci.net,AVAILABILITY,origin.list,origin.list,2021-10-03 05:36:58.036178,7ebf3eb6063f11076d12dfe3
a.spolecznosci.net,AVAILABILITY,origin.list,origin.list,2021-10-03 05:36:59.737388,7ebf3eb6063f11076d12dfe3
sisco.hit.stat.pl,AVAILABILITY,origin.list,origin.list,2021-10-03 05:37:02.764782,7ebf3eb6063f11076d12dfe3
skgde.adocean.pl,AVAILABILITY,origin.list,origin.list,2021-10-03 05:37:04.540108,7ebf3eb6063f11076d12dfe3
smartclick.pl,AVAILABILITY,origin.list,origin.list,2021-10-03 05:37:07.387171,7ebf3eb6063f11076d12dfe3
smpl.hit.ppdb.pl,AVAILABILITY,origin.list,origin.list,2021-10-03 05:37:11.069076,7ebf3eb6063f11076d12dfe3
stat.4u.pl,AVAILABILITY,origin.list,origin.list,2021-10-03 05:37:13.631000,7ebf3eb6063f11076d12dfe3
stat.ekologia.pl,AVAILABILITY,origin.list,origin.list,2021-10-03 05:37:17.261859,7ebf3eb6063f11076d12dfe3
static.clickonometrics.pl,AVAILABILITY,origin.list,origin.list,2021-10-03 05:37:19.777397,7ebf3eb6063f11076d12dfe3
stats.asp24.pl,AVAILABILITY,origin.list,origin.list,2021-10-03 05:37:40.671367,7ebf3eb6063f11076d12dfe3
stats.dziennik.pl,AVAILABILITY,origin.list,origin.list,2021-10-03 05:37:44.690268,7ebf3eb6063f11076d12dfe3
sylaba.net,AVAILABILITY,origin.list,origin.list,2021-10-03 05:38:06.185198,7ebf3eb6063f11076d12dfe3
tags.grajteraz.pl,AVAILABILITY,origin.list,origin.list,2021-10-03 05:38:08.546479,7ebf3eb6063f11076d12dfe3
tracker.pracuj.pl,AVAILABILITY,origin.list,origin.list,2021-10-03 05:38:09.563003,7ebf3eb6063f11076d12dfe3
tracking.novem.pl,AVAILABILITY,origin.list,origin.list,2021-10-03 05:38:10.707784,7ebf3eb6063f11076d12dfe3
venetia.iad.appboy.com,AVAILABILITY,origin.list,origin.list,2021-10-03 05:38:12.861601,7ebf3eb6063f11076d12dfe3
webhosting-ads.home.pl,AVAILABILITY,origin.list,origin.list,2021-10-03 05:38:13.613395,7ebf3eb6063f11076d12dfe3
wpkoszyk.wp.pl,AVAILABILITY,origin.list,origin.list,2021-10-03 05:38:15.926471,7ebf3eb6063f11076d12dfe3
www.adserver.home.pl,AVAILABILITY,origin.list,origin.list,2021-10-03 05:38:18.692032,7ebf3eb6063f11076d12dfe3
www.mystat.pl,AVAILABILITY,origin.list,origin.list,2021-10-03 05:38:40.211895,7ebf3eb6063f11076d12dfe3
xstatic.nk-net.pl,AVAILABILITY,origin.list,origin.list,2021-10-03 05:38:40.954636,7ebf3eb6063f11076d12dfe3
xr77.adj.st,AVAILABILITY,origin.list,origin.list,2021-10-03 05:38:42.150719,7ebf3eb6063f11076d12dfe3
yts.moatads.com,AVAILABILITY,origin.list,origin.list,2021-10-03 05:38:43.400954,7ebf3eb6063f11076d12dfe3
sofia.trustx.org,AVAILABILITY,origin.list,origin.list,2021-10-03 05:38:44.906686,7ebf3eb6063f11076d12dfe3
leadmy.pl,AVAILABILITY,origin.list,origin.list,2021-10-03 05:38:46.886915,7ebf3eb6063f11076d12dfe3
rt.inistrack.net,AVAILABILITY,origin.list,origin.list,2021-10-03 05:38:49.668297,7ebf3eb6063f11076d12dfe3
cdn.sendpulse.com,AVAILABILITY,origin.list,origin.list,2021-10-03 05:38:51.974956,7ebf3eb6063f11076d12dfe3
peefeehu.com,AVAILABILITY,origin.list,origin.list,2021-10-03 05:38:52.999811,7ebf3eb6063f11076d12dfe3
pixel6.wp.pl,AVAILABILITY,origin.list,origin.list,2021-10-03 05:38:55.326016,7ebf3eb6063f11076d12dfe3
cassini.efigence.com,AVAILABILITY,origin.list,origin.list,2021-10-03 05:38:58.179967,7ebf3eb6063f11076d12dfe3
spolecznosci.mgr.consensu.org,AVAILABILITY,origin.list,origin.list,2021-10-03 05:38:59.934730,7ebf3eb6063f11076d12dfe3
s.spolecznosci.pl,AVAILABILITY,origin.list,origin.list,2021-10-03 05:39:01.850522,7ebf3eb6063f11076d12dfe3
amdcopen.m.taobao.com,AVAILABILITY,origin.list,origin.list,2021-10-03 05:39:03.738841,7ebf3eb6063f11076d12dfe3
appcloud.mcafee.com,AVAILABILITY,origin.list,origin.list,2021-10-03 05:39:04.768781,7ebf3eb6063f11076d12dfe3
service.game-mode.net,AVAILABILITY,origin.list,origin.list,2021-10-03 05:39:05.560747,7ebf3eb6063f11076d12dfe3
api.traq.li,AVAILABILITY,origin.list,origin.list,2021-10-03 05:39:06.453786,7ebf3eb6063f11076d12dfe3
d1.abtshield.com,AVAILABILITY,origin.list,origin.list,2021-10-03 05:39:28.293976,7ebf3eb6063f11076d12dfe3
efectownia.ebrokerpartner.pl,AVAILABILITY,origin.list,origin.list,2021-10-03 05:39:30.524194,7ebf3eb6063f11076d12dfe3
int.naekranie.pl,AVAILABILITY,origin.list,origin.list,2021-10-03 05:39:32.089367,7ebf3eb6063f11076d12dfe3
adv.herocraft.com,AVAILABILITY,origin.list,origin.list,2021-10-03 05:39:33.575160,7ebf3eb6063f11076d12dfe3
ad.myapple.pl,AVAILABILITY,origin.list,origin.list,2021-10-03 05:39:36.188286,7ebf3eb6063f11076d12dfe3
clk.leadexpert.pl,AVAILABILITY,origin.list,origin.list,2021-10-03 05:39:38.329519,7ebf3eb6063f11076d12dfe3
px.leadexpert.pl,AVAILABILITY,origin.list,origin.list,2021-10-03 05:39:40.128150,7ebf3eb6063f11076d12dfe3
link.batuu.pl,AVAILABILITY,origin.list,origin.list,2021-10-03 05:39:41.333568,7ebf3eb6063f11076d12dfe3
crxk2s.tipnet.pl,AVAILABILITY,origin.list,origin.list,2021-10-03 05:39:43.253897,7ebf3eb6063f11076d12dfe3
ced.sascdn.com,AVAILABILITY,origin.list,origin.list,2021-10-03 05:39:44.380485,7ebf3eb6063f11076d12dfe3
r.sascdn.com,AVAILABILITY,origin.list,origin.list,2021-10-03 05:39:45.753572,7ebf3eb6063f11076d12dfe3
s372.meetrics.net,AVAILABILITY,origin.list,origin.list,2021-10-03 05:39:46.924774,7ebf3eb6063f11076d12dfe3
meetrics.net,AVAILABILITY,origin.list,origin.list,2021-10-03 05:39:48.080680,7ebf3eb6063f11076d12dfe3
back.marketing,AVAILABILITY,origin.list,origin.list,2021-10-03 05:39:50.094024,7ebf3eb6063f11076d12dfe3
n1272serv.xyz,AVAILABILITY,origin.list,origin.list,2021-10-03 05:39:51.373728,7ebf3eb6063f11076d12dfe3
f1272serve.xyz,AVAILABILITY,origin.list,origin.list,2021-10-03 05:39:52.230285,7ebf3eb6063f11076d12dfe3
c1272serve.xyz,AVAILABILITY,origin.list,origin.list,2021-10-03 05:39:53.089370,7ebf3eb6063f11076d12dfe3
e1272serve.xyz,AVAILABILITY,origin.list,origin.list,2021-10-03 05:39:53.939422,7ebf3eb6063f11076d12dfe3
b1272serve.xyz,AVAILABILITY,origin.list,origin.list,2021-10-03 05:39:54.848058,7ebf3eb6063f11076d12dfe3
a1272serve.xyz,AVAILABILITY,origin.list,origin.list,2021-10-03 05:39:55.748872,7ebf3eb6063f11076d12dfe3
d1272serve.xyz,AVAILABILITY,origin.list,origin.list,2021-10-03 05:39:56.839120,7ebf3eb6063f11076d12dfe3
www.n1272serv.xyz,AVAILABILITY,origin.list,origin.list,2021-10-03 05:39:58.392113,7ebf3eb6063f11076d12dfe3
aj1307.online,AVAILABILITY,origin.list,origin.list,2021-10-03 05:39:59.484086,7ebf3eb6063f11076d12dfe3
www.n1272adserv.xyz,AVAILABILITY,origin.list,origin.list,2021-10-03 05:40:00.509475,7ebf3eb6063f11076d12dfe3
n1272adserv.xyz,AVAILABILITY,origin.list,origin.list,2021-10-03 05:40:01.658366,7ebf3eb6063f11076d12dfe3
n1307adserv.xyz,AVAILABILITY,origin.list,origin.list,2021-10-03 05:40:02.508540,7ebf3eb6063f11076d12dfe3
n1271adserv.xyz,AVAILABILITY,origin.list,origin.list,2021-10-03 05:40:03.572221,7ebf3eb6063f11076d12dfe3
as.2020mustang.com,AVAILABILITY,origin.list,origin.list,2021-10-03 05:40:05.858552,7ebf3eb6063f11076d12dfe3
gredgar-prevalid.com,AVAILABILITY,origin.list,origin.list,2021-10-03 05:40:06.584157,7ebf3eb6063f11076d12dfe3
www.imglnke.com,AVAILABILITY,origin.list,origin.list,2021-10-03 05:40:07.812854,7ebf3eb6063f11076d12dfe3
vfthr.com,AVAILABILITY,origin.list,origin.list,2021-10-03 05:40:08.914329,7ebf3eb6063f11076d12dfe3
www.vfthr.com,AVAILABILITY,origin.list,origin.list,2021-10-03 05:40:10.190435,7ebf3eb6063f11076d12dfe3
id.google.pl,AVAILABILITY,origin.list,origin.list,2021-10-03 05:40:11.641453,7ebf3eb6063f11076d12dfe3
www.salesmanago.pl,AVAILABILITY,origin.list,origin.list,2021-10-03 05:40:14.859017,7ebf3eb6063f11076d12dfe3
rtb.openx.net,AVAILABILITY,origin.list,origin.list,2021-10-03 05:40:15.900203,7ebf3eb6063f11076d12dfe3
network-intranet.com,AVAILABILITY,origin.list,origin.list,2021-10-03 05:40:16.630371,7ebf3eb6063f11076d12dfe3
www.qkspafpgg.com,AVAILABILITY,origin.list,origin.list,2021-10-03 05:40:20.692085,7ebf3eb6063f11076d12dfe3
greetingscompassbough.com,AVAILABILITY,origin.list,origin.list,2021-10-03 05:40:22.806691,7ebf3eb6063f11076d12dfe3
handelpro.vip,AVAILABILITY,origin.list,origin.list,2021-10-03 05:40:23.818374,7ebf3eb6063f11076d12dfe3
www.dexpredict.com,AVAILABILITY,origin.list,origin.list,2021-10-03 05:40:25.052091,7ebf3eb6063f11076d12dfe3
suumlfkkiyhnv.com,AVAILABILITY,origin.list,origin.list,2021-10-03 05:40:26.602879,7ebf3eb6063f11076d12dfe3
masmovil.site,AVAILABILITY,origin.list,origin.list,2021-10-03 05:40:29.976291,7ebf3eb6063f11076d12dfe3
llamamegratis.es,AVAILABILITY,origin.list,origin.list,2021-10-03 05:40:33.490202,7ebf3eb6063f11076d12dfe3
dynacrems.wp.pl,AVAILABILITY,origin.list,origin.list,2021-10-03 05:40:35.631395,7ebf3eb6063f11076d12dfe3
bountith.buzz,AVAILABILITY,origin.list,origin.list,2021-10-03 05:40:36.829618,7ebf3eb6063f11076d12dfe3
bellcontaincontinue-1.live,AVAILABILITY,origin.list,origin.list,2021-10-03 05:40:37.556505,7ebf3eb6063f11076d12dfe3
goldmoney.be,AVAILABILITY,origin.list,origin.list,2021-10-03 05:40:39.728432,7ebf3eb6063f11076d12dfe3
www.nikhilsalvi.com,AVAILABILITY,origin.list,origin.list,2021-10-03 05:40:44.410232,7ebf3eb6063f11076d12dfe3
nikhilsalvi.com,AVAILABILITY,origin.list,origin.list,2021-10-03 05:40:49.807782,7ebf3eb6063f11076d12dfe3
www.thecocreatorcoach.com,AVAILABILITY,origin.list,origin.list,2021-10-03 05:40:56.926106,7ebf3eb6063f11076d12dfe3
thecocreatorcoach.com,AVAILABILITY,origin.list,origin.list,2021-10-03 05:41:05.274741,7ebf3eb6063f11076d12dfe3
ew1.dms-gld.bigdata.ssp.samsung.com,AVAILABILITY,origin.list,origin.list,2021-10-03 05:41:10.046848,7ebf3eb6063f11076d12dfe3
iwa.hit.interia.pl,AVAILABILITY,origin.list,origin.list,2021-10-03 05:41:11.889927,7ebf3eb6063f11076d12dfe3
app.trackly.eu,AVAILABILITY,origin.list,origin.list,2021-10-03 05:41:13.279396,7ebf3eb6063f11076d12dfe3
stats.aptelink.pl,AVAILABILITY,origin.list,origin.list,2021-10-03 05:41:17.562139,7ebf3eb6063f11076d12dfe3
stats.landingi.com,AVAILABILITY,origin.list,origin.list,2021-10-03 05:41:19.431028,7ebf3eb6063f11076d12dfe3
hit.platform.streamextension.com,AVAILABILITY,origin.list,origin.list,2021-10-03 05:41:22.526164,7ebf3eb6063f11076d12dfe3
tracker.skp.mbank.pl,AVAILABILITY,origin.list,origin.list,2021-10-03 05:41:44.233984,7ebf3eb6063f11076d12dfe3
tibacta.com,AVAILABILITY,origin.list,origin.list,2021-10-03 05:41:45.109603,7ebf3eb6063f11076d12dfe3
viliaff.com,AVAILABILITY,origin.list,origin.list,2021-10-03 05:41:46.005027,7ebf3eb6063f11076d12dfe3
www.bnserving.com,AVAILABILITY,origin.list,origin.list,2021-10-03 05:41:47.716911,7ebf3eb6063f11076d12dfe3
propllrcurlmb.com,AVAILABILITY,origin.list,origin.list,2021-10-03 05:41:48.553957,7ebf3eb6063f11076d12dfe3
fapmeth.com,AVAILABILITY,origin.list,origin.list,2021-10-03 05:41:49.762566,7ebf3eb6063f11076d12dfe3
www.comwgi.com,AVAILABILITY,origin.list,origin.list,2021-10-03 05:41:50.784015,7ebf3eb6063f11076d12dfe3
www.hkoxlirf.com,AVAILABILITY,origin.list,origin.list,2021-10-03 05:41:52.703437,7ebf3eb6063f11076d12dfe3
potwierdzoneinfo.pl,AVAILABILITY,origin.list,origin.list,2021-10-03 05:41:58.363056,7ebf3eb6063f11076d12dfe3
wydawca.lead.network,AVAILABILITY,origin.list,origin.list,2021-10-03 05:42:00.142178,7ebf3eb6063f11076d12dfe3
ipla.hit.stat24.com,AVAILABILITY,origin.list,origin.list,2021-10-03 05:42:02.149407,7ebf3eb6063f11076d12dfe3
ipla.hit.gemius.pl,AVAILABILITY,origin.list,origin.list,2021-10-03 05:42:03.756716,7ebf3eb6063f11076d12dfe3
adv.dot.wp.pl,AVAILABILITY,origin.list,origin.list,2021-10-03 05:42:05.245560,7ebf3eb6063f11076d12dfe3
adsearch.wp.pl,AVAILABILITY,origin.list,origin.list,2021-10-03 05:42:26.690259,7ebf3eb6063f11076d12dfe3
badv.wp.pl,AVAILABILITY,origin.list,origin.list,2021-10-03 05:42:30.366254,7ebf3eb6063f11076d12dfe3
emisjawidgeet.onet.pl,AVAILABILITY,origin.list,origin.list,2021-10-03 05:42:31.660608,7ebf3eb6063f11076d12dfe3
kropka.onet.pl,AVAILABILITY,origin.list,origin.list,2021-10-03 05:42:32.861821,7ebf3eb6063f11076d12dfe3
reklama.onet.pl,AVAILABILITY,origin.list,origin.list,2021-10-03 05:42:34.602816,7ebf3eb6063f11076d12dfe3
stats.media.onet.pl,AVAILABILITY,origin.list,origin.list,2021-10-03 05:42:55.466190,7ebf3eb6063f11076d12dfe3
banery.onet.pl,AVAILABILITY,origin.list,origin.list,2021-10-03 05:42:58.161736,7ebf3eb6063f11076d12dfe3
banki.onet.pl,AVAILABILITY,origin.list,origin.list,2021-10-03 05:42:59.864169,7ebf3eb6063f11076d12dfe3
boksy.dir.onet.pl,AVAILABILITY,origin.list,origin.list,2021-10-03 05:43:20.834462,7ebf3eb6063f11076d12dfe3
boksy.onet.pl,AVAILABILITY,origin.list,origin.list,2021-10-03 05:43:23.739323,7ebf3eb6063f11076d12dfe3
csr.onet.pl,AVAILABILITY,origin.list,origin.list,2021-10-03 05:43:24.867055,7ebf3eb6063f11076d12dfe3
ds.onet.pl,AVAILABILITY,origin.list,origin.list,2021-10-03 05:43:45.892264,7ebf3eb6063f11076d12dfe3
novem.onet.pl,AVAILABILITY,origin.list,origin.list,2021-10-03 05:43:47.233982,7ebf3eb6063f11076d12dfe3
republika.onet.pl,AVAILABILITY,origin.list,origin.list,2021-10-03 05:43:49.369912,7ebf3eb6063f11076d12dfe3
socialmedia-statistics.tvn24.pl,AVAILABILITY,origin.list,origin.list,2021-10-03 05:43:50.180325,7ebf3eb6063f11076d12dfe3
ads.2win.pl,AVAILABILITY,origin.list,origin.list,2021-10-03 05:43:52.398304,7ebf3eb6063f11076d12dfe3
loteria.pocketads.pl,AVAILABILITY,origin.list,origin.list,2021-10-03 05:43:55.696354,7ebf3eb6063f11076d12dfe3
beta.pocketads.pl,AVAILABILITY,origin.list,origin.list,2021-10-03 05:43:57.712874,7ebf3eb6063f11076d12dfe3
geo.interia.pl,AVAILABILITY,origin.list,origin.list,2021-10-03 05:43:59.370082,7ebf3eb6063f11076d12dfe3
i.interia.pl,AVAILABILITY,origin.list,origin.list,2021-10-03 05:44:02.390870,7ebf3eb6063f11076d12dfe3
x.interia.pl,AVAILABILITY,origin.list,origin.list,2021-10-03 05:44:04.081282,7ebf3eb6063f11076d12dfe3
adfiles.o2.pl.sds.o2.pl,AVAILABILITY,origin.list,origin.list,2021-10-03 05:44:05.759693,7ebf3eb6063f11076d12dfe3
s1.hit.stat.pl,AVAILABILITY,origin.list,origin.list,2021-10-03 05:44:08.221477,7ebf3eb6063f11076d12dfe3
s2.hit.stat.pl,AVAILABILITY,origin.list,origin.list,2021-10-03 05:44:10.487958,7ebf3eb6063f11076d12dfe3
s3.hit.stat.pl,AVAILABILITY,origin.list,origin.list,2021-10-03 05:44:12.776321,7ebf3eb6063f11076d12dfe3
s4.hit.stat.pl,AVAILABILITY,origin.list,origin.list,2021-10-03 05:44:15.041247,7ebf3eb6063f11076d12dfe3
c1.gostats.pl,AVAILABILITY,origin.list,origin.list,2021-10-03 05:44:16.065601,7ebf3eb6063f11076d12dfe3
c2.gostats.pl,AVAILABILITY,origin.list,origin.list,2021-10-03 05:44:17.558379,7ebf3eb6063f11076d12dfe3
c3.gostats.pl,AVAILABILITY,origin.list,origin.list,2021-10-03 05:44:39.025024,7ebf3eb6063f11076d12dfe3
c4.gostats.pl,AVAILABILITY,origin.list,origin.list,2021-10-03 05:45:00.563729,7ebf3eb6063f11076d12dfe3
c5.gostats.pl,AVAILABILITY,origin.list,origin.list,2021-10-03 05:45:22.057201,7ebf3eb6063f11076d12dfe3
15minlt.adocean.pl,AVAILABILITY,origin.list,origin.list,2021-10-03 05:45:23.335150,7ebf3eb6063f11076d12dfe3
ad.adocean.pl,AVAILABILITY,origin.list,origin.list,2021-10-03 05:45:24.964198,7ebf3eb6063f11076d12dfe3
afilv.adocean.pl,AVAILABILITY,origin.list,origin.list,2021-10-03 05:45:26.255887,7ebf3eb6063f11076d12dfe3
aripaee.adocean.pl,AVAILABILITY,origin.list,origin.list,2021-10-03 05:45:27.917430,7ebf3eb6063f11076d12dfe3
b92rs.adocean.pl,AVAILABILITY,origin.list,origin.list,2021-10-03 05:45:29.368879,7ebf3eb6063f11076d12dfe3
bg.adocean.pl,AVAILABILITY,origin.list,origin.list,2021-10-03 05:45:30.833887,7ebf3eb6063f11076d12dfe3
bggde.adocean.pl,AVAILABILITY,origin.list,origin.list,2021-10-03 05:45:32.350362,7ebf3eb6063f11076d12dfe3
bggde-new.adocean.pl,AVAILABILITY,origin.list,origin.list,2021-10-03 05:45:33.123020,7ebf3eb6063f11076d12dfe3
blitzbg.adocean.pl,AVAILABILITY,origin.list,origin.list,2021-10-03 05:45:34.605529,7ebf3eb6063f11076d12dfe3
by.adocean.pl,AVAILABILITY,origin.list,origin.list,2021-10-03 05:45:35.901073,7ebf3eb6063f11076d12dfe3
cz.adocean.pl,AVAILABILITY,origin.list,origin.list,2021-10-03 05:45:39.370553,7ebf3eb6063f11076d12dfe3
delfiee.adocean.pl,AVAILABILITY,origin.list,origin.list,2021-10-03 05:45:40.631674,7ebf3eb6063f11076d12dfe3
delfilt.adocean.pl,AVAILABILITY,origin.list,origin.list,2021-10-03 05:45:43.922024,7ebf3eb6063f11076d12dfe3
delfilv.adocean.pl,AVAILABILITY,origin.list,origin.list,2021-10-03 05:45:45.382630,7ebf3eb6063f11076d12dfe3
diginet.adocean.pl,AVAILABILITY,origin.list,origin.list,2021-10-03 05:45:46.693953,7ebf3eb6063f11076d12dfe3
edipresse.adocean.pl,AVAILABILITY,origin.list,origin.list,2021-10-03 05:45:48.515869,7ebf3eb6063f11076d12dfe3
ee.adocean.pl,AVAILABILITY,origin.list,origin.list,2021-10-03 05:45:52.150499,7ebf3eb6063f11076d12dfe3
eegde.adocean.pl,AVAILABILITY,origin.list,origin.list,2021-10-03 05:45:53.879212,7ebf3eb6063f11076d12dfe3
hr.adocean.pl,AVAILABILITY,origin.list,origin.list,2021-10-03 05:45:55.702693,7ebf3eb6063f11076d12dfe3
hrgde.adocean.pl,AVAILABILITY,origin.list,origin.list,2021-10-03 05:45:57.323487,7ebf3eb6063f11076d12dfe3
hugde.adocean.pl,AVAILABILITY,origin.list,origin.list,2021-10-03 05:45:58.939284,7ebf3eb6063f11076d12dfe3
ilgde.adocean.pl,AVAILABILITY,origin.list,origin.list,2021-10-03 05:46:00.250888,7ebf3eb6063f11076d12dfe3
indexhu.adocean.pl,AVAILABILITY,origin.list,origin.list,2021-10-03 05:46:01.884830,7ebf3eb6063f11076d12dfe3
keepaneyemk.adocean.pl,AVAILABILITY,origin.list,origin.list,2021-10-03 05:46:03.790603,7ebf3eb6063f11076d12dfe3
lt.adocean.pl,AVAILABILITY,origin.list,origin.list,2021-10-03 05:46:07.480612,7ebf3eb6063f11076d12dfe3
lv.adocean.pl,AVAILABILITY,origin.list,origin.list,2021-10-03 05:46:09.097580,7ebf3eb6063f11076d12dfe3
my.adocean.pl,AVAILABILITY,origin.list,origin.list,2021-10-03 05:46:10.724159,7ebf3eb6063f11076d12dfe3
myao.adocean.pl,AVAILABILITY,origin.list,origin.list,2021-10-03 05:46:12.208390,7ebf3eb6063f11076d12dfe3
ohtulehtee.adocean.pl,AVAILABILITY,origin.list,origin.list,2021-10-03 05:46:13.471964,7ebf3eb6063f11076d12dfe3
pracuj.adocean.pl,AVAILABILITY,origin.list,origin.list,2021-10-03 05:46:14.946133,7ebf3eb6063f11076d12dfe3
realitatero.adocean.pl,AVAILABILITY,origin.list,origin.list,2021-10-03 05:46:16.212734,7ebf3eb6063f11076d12dfe3
ringierro.adocean.pl,AVAILABILITY,origin.list,origin.list,2021-10-03 05:46:17.511107,7ebf3eb6063f11076d12dfe3
ringierrs.adocean.pl,AVAILABILITY,origin.list,origin.list,2021-10-03 05:46:18.966026,7ebf3eb6063f11076d12dfe3
ro.adocean.pl,AVAILABILITY,origin.list,origin.list,2021-10-03 05:46:20.631726,7ebf3eb6063f11076d12dfe3
rogde.adocean.pl,AVAILABILITY,origin.list,origin.list,2021-10-03 05:46:22.467120,7ebf3eb6063f11076d12dfe3
rs.adocean.pl,AVAILABILITY,origin.list,origin.list,2021-10-03 05:46:23.773830,7ebf3eb6063f11076d12dfe3
rsgde.adocean.pl,AVAILABILITY,origin.list,origin.list,2021-10-03 05:46:25.264110,7ebf3eb6063f11076d12dfe3
s1.czgde.adocean.pl,AVAILABILITY,origin.list,origin.list,2021-10-03 05:46:27.593802,7ebf3eb6063f11076d12dfe3
s1.my.adocean.pl,AVAILABILITY,origin.list,origin.list,2021-10-03 05:46:29.652578,7ebf3eb6063f11076d12dfe3
s1.skgde.adocean.pl,AVAILABILITY,origin.list,origin.list,2021-10-03 05:46:31.692539,7ebf3eb6063f11076d12dfe3
sk.adocean.pl,AVAILABILITY,origin.list,origin.list,2021-10-03 05:46:33.365367,7ebf3eb6063f11076d12dfe3
si.adocean.pl,AVAILABILITY,origin.list,origin.list,2021-10-03 05:46:34.977544,7ebf3eb6063f11076d12dfe3
thinkdigitalro.adocean.pl,AVAILABILITY,origin.list,origin.list,2021-10-03 05:46:36.833015,7ebf3eb6063f11076d12dfe3
trgde.adocean.pl,AVAILABILITY,origin.list,origin.list,2021-10-03 05:46:38.410698,7ebf3eb6063f11076d12dfe3
tvn.adocean.pl,AVAILABILITY,origin.list,origin.list,2021-10-03 05:46:40.024351,7ebf3eb6063f11076d12dfe3
tvn2.adocean.pl,AVAILABILITY,origin.list,origin.list,2021-10-03 05:46:41.707604,7ebf3eb6063f11076d12dfe3
ua.adocean.pl,AVAILABILITY,origin.list,origin.list,2021-10-03 05:46:43.564718,7ebf3eb6063f11076d12dfe3
vbbg.adocean.pl,AVAILABILITY,origin.list,origin.list,2021-10-03 05:46:45.174699,7ebf3eb6063f11076d12dfe3
webgroundbg.adocean.pl,AVAILABILITY,origin.list,origin.list,2021-10-03 05:46:46.816283,7ebf3eb6063f11076d12dfe3
gemius.pl,AVAILABILITY,origin.list,origin.list,2021-10-03 05:46:49.905220,7ebf3eb6063f11076d12dfe3
15minadlt.hit.gemius.pl,AVAILABILITY,origin.list,origin.list,2021-10-03 05:46:51.500542,7ebf3eb6063f11076d12dfe3
hit.gemius.pl,AVAILABILITY,origin.list,origin.list,2021-10-03 05:46:52.973189,7ebf3eb6063f11076d12dfe3
activeby.hit.gemius.pl,AVAILABILITY,origin.list,origin.list,2021-10-03 05:46:54.603962,7ebf3eb6063f11076d12dfe3
ad.hit.gemius.pl,AVAILABILITY,origin.list,origin.list,2021-10-03 05:46:56.241227,7ebf3eb6063f11076d12dfe3
adactiongapl.hit.gemius.pl,AVAILABILITY,origin.list,origin.list,2021-10-03 05:46:57.873462,7ebf3eb6063f11076d12dfe3
adafi.hit.gemius.pl,AVAILABILITY,origin.list,origin.list,2021-10-03 05:46:59.321552,7ebf3eb6063f11076d12dfe3
adbg.hit.gemius.pl,AVAILABILITY,origin.list,origin.list,2021-10-03 05:47:00.948536,7ebf3eb6063f11076d12dfe3
adclick.hit.gemius.pl,AVAILABILITY,origin.list,origin.list,2021-10-03 05:47:02.589446,7ebf3eb6063f11076d12dfe3
adcz.hit.gemius.pl,AVAILABILITY,origin.list,origin.list,2021-10-03 05:47:04.235290,7ebf3eb6063f11076d12dfe3
adee.hit.gemius.pl,AVAILABILITY,origin.list,origin.list,2021-10-03 05:47:05.688088,7ebf3eb6063f11076d12dfe3
adhr.hit.gemius.pl,AVAILABILITY,origin.list,origin.list,2021-10-03 05:47:07.319139,7ebf3eb6063f11076d12dfe3
adlt.hit.gemius.pl,AVAILABILITY,origin.list,origin.list,2021-10-03 05:47:08.908290,7ebf3eb6063f11076d12dfe3
adlv.hit.gemius.pl,AVAILABILITY,origin.list,origin.list,2021-10-03 05:47:10.517661,7ebf3eb6063f11076d12dfe3
adnet.hit.gemius.pl,AVAILABILITY,origin.list,origin.list,2021-10-03 05:47:12.152784,7ebf3eb6063f11076d12dfe3
adnetgalt.hit.gemius.pl,AVAILABILITY,origin.list,origin.list,2021-10-03 05:47:13.754095,7ebf3eb6063f11076d12dfe3
adocean-by.hit.gemius.pl,AVAILABILITY,origin.list,origin.list,2021-10-03 05:47:14.507392,7ebf3eb6063f11076d12dfe3
adocean-cz.hit.gemius.pl,AVAILABILITY,origin.list,origin.list,2021-10-03 05:47:15.266481,7ebf3eb6063f11076d12dfe3
adocean-ee.hit.gemius.pl,AVAILABILITY,origin.list,origin.list,2021-10-03 05:47:16.030066,7ebf3eb6063f11076d12dfe3
adocean-hr.hit.gemius.pl,AVAILABILITY,origin.list,origin.list,2021-10-03 05:47:16.780067,7ebf3eb6063f11076d12dfe3
adocean-lt.hit.gemius.pl,AVAILABILITY,origin.list,origin.list,2021-10-03 05:47:17.533709,7ebf3eb6063f11076d12dfe3
adocean-lv.hit.gemius.pl,AVAILABILITY,origin.list,origin.list,2021-10-03 05:47:18.287671,7ebf3eb6063f11076d12dfe3
adocean-pl.hit.gemius.pl,AVAILABILITY,origin.list,origin.list,2021-10-03 05:47:19.039761,7ebf3eb6063f11076d12dfe3
adocean-ro.hit.gemius.pl,AVAILABILITY,origin.list,origin.list,2021-10-03 05:47:19.807730,7ebf3eb6063f11076d12dfe3
adocean-si.hit.gemius.pl,AVAILABILITY,origin.list,origin.list,2021-10-03 05:47:20.560248,7ebf3eb6063f11076d12dfe3
adocean-ua.hit.gemius.pl,AVAILABILITY,origin.list,origin.list,2021-10-03 05:47:21.320356,7ebf3eb6063f11076d12dfe3
adro.hit.gemius.pl,AVAILABILITY,origin.list,origin.list,2021-10-03 05:47:22.954492,7ebf3eb6063f11076d12dfe3
adrs.hit.gemius.pl,AVAILABILITY,origin.list,origin.list,2021-10-03 05:47:24.568756,7ebf3eb6063f11076d12dfe3
advice.hit.gemius.pl,AVAILABILITY,origin.list,origin.list,2021-10-03 05:47:26.066436,7ebf3eb6063f11076d12dfe3
advicead.hit.gemius.pl,AVAILABILITY,origin.list,origin.list,2021-10-03 05:47:27.712332,7ebf3eb6063f11076d12dfe3
aolt.hit.gemius.pl,AVAILABILITY,origin.list,origin.list,2021-10-03 05:47:29.312657,7ebf3eb6063f11076d12dfe3
aolv.hit.gemius.pl,AVAILABILITY,origin.list,origin.list,2021-10-03 05:47:30.931678,7ebf3eb6063f11076d12dfe3
apolloadlv.hit.gemius.pl,AVAILABILITY,origin.list,origin.list,2021-10-03 05:47:32.377958,7ebf3eb6063f11076d12dfe3
arbo.hit.gemius.pl,AVAILABILITY,origin.list,origin.list,2021-10-03 05:47:34.017935,7ebf3eb6063f11076d12dfe3
aripaadee.hit.gemius.pl,AVAILABILITY,origin.list,origin.list,2021-10-03 05:47:35.646296,7ebf3eb6063f11076d12dfe3
avt.hit.gemius.pl,AVAILABILITY,origin.list,origin.list,2021-10-03 05:47:37.272649,7ebf3eb6063f11076d12dfe3
allegro.hit.gemius.pl,AVAILABILITY,origin.list,origin.list,2021-10-03 05:47:38.917104,7ebf3eb6063f11076d12dfe3
axel.hit.gemius.pl,AVAILABILITY,origin.list,origin.list,2021-10-03 05:47:40.560163,7ebf3eb6063f11076d12dfe3
b92adrs.hit.gemius.pl,AVAILABILITY,origin.list,origin.list,2021-10-03 05:47:42.199962,7ebf3eb6063f11076d12dfe3
bestjobs.hit.gemius.pl,AVAILABILITY,origin.list,origin.list,2021-10-03 05:47:43.814095,7ebf3eb6063f11076d12dfe3
bg.hit.gemius.pl,AVAILABILITY,origin.list,origin.list,2021-10-03 05:47:45.427112,7ebf3eb6063f11076d12dfe3
blitzadbg.hit.gemius.pl,AVAILABILITY,origin.list,origin.list,2021-10-03 05:47:46.738190,7ebf3eb6063f11076d12dfe3
ghm_bulgaria.hit.gemius.pl,AVAILABILITY,origin.list,origin.list,2021-10-03 05:47:48.819823,7ebf3eb6063f11076d12dfe3
centrumcz.hit.gemius.pl,AVAILABILITY,origin.list,origin.list,2021-10-03 05:47:50.290292,7ebf3eb6063f11076d12dfe3
corm.hit.gemius.pl,AVAILABILITY,origin.list,origin.list,2021-10-03 05:47:52.104443,7ebf3eb6063f11076d12dfe3
cz.hit.gemius.pl,AVAILABILITY,origin.list,origin.list,2021-10-03 05:47:53.938639,7ebf3eb6063f11076d12dfe3
darikspaceadbg.hit.gemius.pl,AVAILABILITY,origin.list,origin.list,2021-10-03 05:47:55.550742,7ebf3eb6063f11076d12dfe3
delfiadlt.hit.gemius.pl,AVAILABILITY,origin.list,origin.list,2021-10-03 05:47:57.139621,7ebf3eb6063f11076d12dfe3
delfiadlv.hit.gemius.pl,AVAILABILITY,origin.list,origin.list,2021-10-03 05:48:00.575385,7ebf3eb6063f11076d12dfe3
delfiadee.hit.gemius.pl,AVAILABILITY,origin.list,origin.list,2021-10-03 05:48:02.204002,7ebf3eb6063f11076d12dfe3
delfilv.hit.gemius.pl,AVAILABILITY,origin.list,origin.list,2021-10-03 05:48:03.661869,7ebf3eb6063f11076d12dfe3
diginetlt.hit.gemius.pl,AVAILABILITY,origin.list,origin.list,2021-10-03 05:48:05.265441,7ebf3eb6063f11076d12dfe3
digital4adro.hit.gemius.pl,AVAILABILITY,origin.list,origin.list,2021-10-03 05:48:06.887396,7ebf3eb6063f11076d12dfe3
dirbg.hit.gemius.pl,AVAILABILITY,origin.list,origin.list,2021-10-03 05:48:08.518990,7ebf3eb6063f11076d12dfe3
edipresse.hit.gemius.pl,AVAILABILITY,origin.list,origin.list,2021-10-03 05:48:10.141484,7ebf3eb6063f11076d12dfe3
ee.hit.gemius.pl,AVAILABILITY,origin.list,origin.list,2021-10-03 05:48:11.743835,7ebf3eb6063f11076d12dfe3
eega.hit.gemius.pl,AVAILABILITY,origin.list,origin.list,2021-10-03 05:48:13.206801,7ebf3eb6063f11076d12dfe3
eniro.hit.gemius.pl,AVAILABILITY,origin.list,origin.list,2021-10-03 05:48:14.819476,7ebf3eb6063f11076d12dfe3
gaae.hit.gemius.pl,AVAILABILITY,origin.list,origin.list,2021-10-03 05:48:16.425017,7ebf3eb6063f11076d12dfe3
gaat.hit.gemius.pl,AVAILABILITY,origin.list,origin.list,2021-10-03 05:48:18.051295,7ebf3eb6063f11076d12dfe3
gaba.hit.gemius.pl,AVAILABILITY,origin.list,origin.list,2021-10-03 05:48:19.653727,7ebf3eb6063f11076d12dfe3
gabe.hit.gemius.pl,AVAILABILITY,origin.list,origin.list,2021-10-03 05:48:20.942641,7ebf3eb6063f11076d12dfe3
gabg.hit.gemius.pl,AVAILABILITY,origin.list,origin.list,2021-10-03 05:48:22.580397,7ebf3eb6063f11076d12dfe3
gaby.hit.gemius.pl,AVAILABILITY,origin.list,origin.list,2021-10-03 05:48:24.026480,7ebf3eb6063f11076d12dfe3
gacz.hit.gemius.pl,AVAILABILITY,origin.list,origin.list,2021-10-03 05:48:25.327160,7ebf3eb6063f11076d12dfe3
gadk.hit.gemius.pl,AVAILABILITY,origin.list,origin.list,2021-10-03 05:48:26.925320,7ebf3eb6063f11076d12dfe3
gaee.hit.gemius.pl,AVAILABILITY,origin.list,origin.list,2021-10-03 05:48:28.363611,7ebf3eb6063f11076d12dfe3
gadnet.hit.gemius.pl,AVAILABILITY,origin.list,origin.list,2021-10-03 05:48:29.823691,7ebf3eb6063f11076d12dfe3
gahu.hit.gemius.pl,AVAILABILITY,origin.list,origin.list,2021-10-03 05:48:31.402485,7ebf3eb6063f11076d12dfe3
gajo.hit.gemius.pl,AVAILABILITY,origin.list,origin.list,2021-10-03 05:48:33.014501,7ebf3eb6063f11076d12dfe3
gail.hit.gemius.pl,AVAILABILITY,origin.list,origin.list,2021-10-03 05:48:34.642840,7ebf3eb6063f11076d12dfe3
gakz.hit.gemius.pl,AVAILABILITY,origin.list,origin.list,2021-10-03 05:48:36.277413,7ebf3eb6063f11076d12dfe3
galb.hit.gemius.pl,AVAILABILITY,origin.list,origin.list,2021-10-03 05:48:37.895385,7ebf3eb6063f11076d12dfe3
galindia.hit.gemius.pl,AVAILABILITY,origin.list,origin.list,2021-10-03 05:48:39.367306,7ebf3eb6063f11076d12dfe3
galt.hit.gemius.pl,AVAILABILITY,origin.list,origin.list,2021-10-03 05:48:40.969116,7ebf3eb6063f11076d12dfe3
galv.hit.gemius.pl,AVAILABILITY,origin.list,origin.list,2021-10-03 05:48:42.567510,7ebf3eb6063f11076d12dfe3
gamk.hit.gemius.pl,AVAILABILITY,origin.list,origin.list,2021-10-03 05:48:44.162404,7ebf3eb6063f11076d12dfe3
gapl.hit.gemius.pl,AVAILABILITY,origin.list,origin.list,2021-10-03 05:48:45.802570,7ebf3eb6063f11076d12dfe3
gars.hit.gemius.pl,AVAILABILITY,origin.list,origin.list,2021-10-03 05:48:47.387157,7ebf3eb6063f11076d12dfe3
garo.hit.gemius.pl,AVAILABILITY,origin.list,origin.list,2021-10-03 05:48:48.862239,7ebf3eb6063f11076d12dfe3
garu.hit.gemius.pl,AVAILABILITY,origin.list,origin.list,2021-10-03 05:48:50.490862,7ebf3eb6063f11076d12dfe3
gask.hit.gemius.pl,AVAILABILITY,origin.list,origin.list,2021-10-03 05:48:52.126880,7ebf3eb6063f11076d12dfe3
gatr.hit.gemius.pl,AVAILABILITY,origin.list,origin.list,2021-10-03 05:48:53.534611,7ebf3eb6063f11076d12dfe3
gaua.hit.gemius.pl,AVAILABILITY,origin.list,origin.list,2021-10-03 05:51:12.755436,7ebf3eb6063f11076d12dfe3
gazeta.hit.gemius.pl,AVAILABILITY,origin.list,origin.list,2021-10-03 05:51:14.243814,7ebf3eb6063f11076d12dfe3
gdebg.hit.gemius.pl,AVAILABILITY,origin.list,origin.list,2021-10-03 05:51:15.733438,7ebf3eb6063f11076d12dfe3
gdeil.hit.gemius.pl,AVAILABILITY,origin.list,origin.list,2021-10-03 05:51:17.397961,7ebf3eb6063f11076d12dfe3
gdecz.hit.gemius.pl,AVAILABILITY,origin.list,origin.list,2021-10-03 05:51:19.013428,7ebf3eb6063f11076d12dfe3
gdelv.hit.gemius.pl,AVAILABILITY,origin.list,origin.list,2021-10-03 05:51:20.626625,7ebf3eb6063f11076d12dfe3
gdesk.hit.gemius.pl,AVAILABILITY,origin.list,origin.list,2021-10-03 05:51:22.262622,7ebf3eb6063f11076d12dfe3
gders.hit.gemius.pl,AVAILABILITY,origin.list,origin.list,2021-10-03 05:51:23.743786,7ebf3eb6063f11076d12dfe3
gdetr.hit.gemius.pl,AVAILABILITY,origin.list,origin.list,2021-10-03 05:51:25.179687,7ebf3eb6063f11076d12dfe3
gemadhu.hit.gemius.pl,AVAILABILITY,origin.list,origin.list,2021-10-03 05:51:26.616679,7ebf3eb6063f11076d12dfe3
generalmediaadhu.hit.gemius.pl,AVAILABILITY,origin.list,origin.list,2021-10-03 05:51:28.087995,7ebf3eb6063f11076d12dfe3
gg.hit.gemius.pl,AVAILABILITY,origin.list,origin.list,2021-10-03 05:51:29.802223,7ebf3eb6063f11076d12dfe3
gde-default.hit.gemius.pl,AVAILABILITY,origin.list,origin.list,2021-10-03 05:51:30.576321,7ebf3eb6063f11076d12dfe3
ghmme.hit.gemius.pl,AVAILABILITY,origin.list,origin.list,2021-10-03 05:51:32.234883,7ebf3eb6063f11076d12dfe3
ghmbg.hit.gemius.pl,AVAILABILITY,origin.list,origin.list,2021-10-03 05:51:33.852107,7ebf3eb6063f11076d12dfe3
ghmpl.hit.gemius.pl,AVAILABILITY,origin.list,origin.list,2021-10-03 05:51:35.329342,7ebf3eb6063f11076d12dfe3
ghmrs.hit.gemius.pl,AVAILABILITY,origin.list,origin.list,2021-10-03 05:51:36.956306,7ebf3eb6063f11076d12dfe3
goldbach.hit.gemius.pl,AVAILABILITY,origin.list,origin.list,2021-10-03 05:51:38.640474,7ebf3eb6063f11076d12dfe3
gspro.hit.gemius.pl,AVAILABILITY,origin.list,origin.list,2021-10-03 05:51:40.267871,7ebf3eb6063f11076d12dfe3
gtlt.hit.gemius.pl,AVAILABILITY,origin.list,origin.list,2021-10-03 05:51:41.890041,7ebf3eb6063f11076d12dfe3
gtlv.hit.gemius.pl,AVAILABILITY,origin.list,origin.list,2021-10-03 05:51:43.525684,7ebf3eb6063f11076d12dfe3
idg.hit.gemius.pl,AVAILABILITY,origin.list,origin.list,2021-10-03 05:51:45.027500,7ebf3eb6063f11076d12dfe3
hr.hit.gemius.pl,AVAILABILITY,origin.list,origin.list,2021-10-03 05:51:46.644540,7ebf3eb6063f11076d12dfe3
hu.hit.gemius.pl,AVAILABILITY,origin.list,origin.list,2021-10-03 05:51:48.266741,7ebf3eb6063f11076d12dfe3
huadn.hit.gemius.pl,AVAILABILITY,origin.list,origin.list,2021-10-03 05:51:49.858683,7ebf3eb6063f11076d12dfe3
icorpadro.hit.gemius.pl,AVAILABILITY,origin.list,origin.list,2021-10-03 05:51:51.511121,7ebf3eb6063f11076d12dfe3
idm.hit.gemius.pl,AVAILABILITY,origin.list,origin.list,2021-10-03 05:51:52.899966,7ebf3eb6063f11076d12dfe3
interia.hit.gemius.pl,AVAILABILITY,origin.list,origin.list,2021-10-03 05:51:54.538157,7ebf3eb6063f11076d12dfe3
investoradbg.hit.gemius.pl,AVAILABILITY,origin.list,origin.list,2021-10-03 05:51:56.005486,7ebf3eb6063f11076d12dfe3
keepaneyeadmk.hit.gemius.pl,AVAILABILITY,origin.list,origin.list,2021-10-03 05:51:57.631000,7ebf3eb6063f11076d12dfe3
kon.hit.gemius.pl,AVAILABILITY,origin.list,origin.list,2021-10-03 05:51:59.261488,7ebf3eb6063f11076d12dfe3
lrytasadlt.hit.gemius.pl,AVAILABILITY,origin.list,origin.list,2021-10-03 05:52:00.898756,7ebf3eb6063f11076d12dfe3
ls.hit.gemius.pl,AVAILABILITY,origin.list,origin.list,2021-10-03 05:52:02.377843,7ebf3eb6063f11076d12dfe3
lt.hit.gemius.pl,AVAILABILITY,origin.list,origin.list,2021-10-03 05:52:04.005747,7ebf3eb6063f11076d12dfe3
lv.hit.gemius.pl,AVAILABILITY,origin.list,origin.list,2021-10-03 05:52:05.624035,7ebf3eb6063f11076d12dfe3
mbank.hit.gemius.pl,AVAILABILITY,origin.list,origin.list,2021-10-03 05:52:07.297551,7ebf3eb6063f11076d12dfe3
mediaregad.hit.gemius.pl,AVAILABILITY,origin.list,origin.list,2021-10-03 05:52:08.949889,7ebf3eb6063f11076d12dfe3
metagaua.hit.gemius.pl,AVAILABILITY,origin.list,origin.list,2021-10-03 05:52:10.420535,7ebf3eb6063f11076d12dfe3
mreg.hit.gemius.pl,AVAILABILITY,origin.list,origin.list,2021-10-03 05:52:12.050621,7ebf3eb6063f11076d12dfe3
negadbg.hit.gemius.pl,AVAILABILITY,origin.list,origin.list,2021-10-03 05:52:13.679076,7ebf3eb6063f11076d12dfe3
netsprint.hit.gemius.pl,AVAILABILITY,origin.list,origin.list,2021-10-03 05:52:15.349455,7ebf3eb6063f11076d12dfe3
neogenadro.hit.gemius.pl,AVAILABILITY,origin.list,origin.list,2021-10-03 05:52:17.025841,7ebf3eb6063f11076d12dfe3
o2.hit.gemius.pl,AVAILABILITY,origin.list,origin.list,2021-10-03 05:52:18.661602,7ebf3eb6063f11076d12dfe3
o2adpl.hit.gemius.pl,AVAILABILITY,origin.list,origin.list,2021-10-03 05:52:20.321958,7ebf3eb6063f11076d12dfe3
oglasnikadhr.hit.gemius.pl,AVAILABILITY,origin.list,origin.list,2021-10-03 05:52:21.918850,7ebf3eb6063f11076d12dfe3
ohtulehtadee.hit.gemius.pl,AVAILABILITY,origin.list,origin.list,2021-10-03 05:52:23.542117,7ebf3eb6063f11076d12dfe3
olx.hit.gemius.pl,AVAILABILITY,origin.list,origin.list,2021-10-03 05:52:25.077140,7ebf3eb6063f11076d12dfe3
onet.hit.gemius.pl,AVAILABILITY,origin.list,origin.list,2021-10-03 05:52:26.724573,7ebf3eb6063f11076d12dfe3
opt.hit.gemius.pl,AVAILABILITY,origin.list,origin.list,2021-10-03 05:52:28.379956,7ebf3eb6063f11076d12dfe3
prefix.hit.gemius.pl,AVAILABILITY,origin.list,origin.list,2021-10-03 05:52:29.858657,7ebf3eb6063f11076d12dfe3
pracuj.hit.gemius.pl,AVAILABILITY,origin.list,origin.list,2021-10-03 05:52:31.526892,7ebf3eb6063f11076d12dfe3
pro.hit.gemius.pl,AVAILABILITY,origin.list,origin.list,2021-10-03 05:52:33.174530,7ebf3eb6063f11076d12dfe3
rbcgaru.hit.gemius.pl,AVAILABILITY,origin.list,origin.list,2021-10-03 05:52:34.817707,7ebf3eb6063f11076d12dfe3
realitateadro.hit.gemius.pl,AVAILABILITY,origin.list,origin.list,2021-10-03 05:52:36.453612,7ebf3eb6063f11076d12dfe3
ringieradrs.hit.gemius.pl,AVAILABILITY,origin.list,origin.list,2021-10-03 05:52:38.058719,7ebf3eb6063f11076d12dfe3
ringieradro.hit.gemius.pl,AVAILABILITY,origin.list,origin.list,2021-10-03 05:52:39.339803,7ebf3eb6063f11076d12dfe3
ro.hit.gemius.pl,AVAILABILITY,origin.list,origin.list,2021-10-03 05:52:40.875910,7ebf3eb6063f11076d12dfe3
ro1adro.hit.gemius.pl,AVAILABILITY,origin.list,origin.list,2021-10-03 05:52:42.531985,7ebf3eb6063f11076d12dfe3
rp.hit.gemius.pl,AVAILABILITY,origin.list,origin.list,2021-10-03 05:52:44.083987,7ebf3eb6063f11076d12dfe3
scz.hit.gemius.pl,AVAILABILITY,origin.list,origin.list,2021-10-03 05:52:45.558802,7ebf3eb6063f11076d12dfe3
see.hit.gemius.pl,AVAILABILITY,origin.list,origin.list,2021-10-03 05:52:47.204857,7ebf3eb6063f11076d12dfe3
seznam.hit.gemius.pl,AVAILABILITY,origin.list,origin.list,2021-10-03 05:52:48.861243,7ebf3eb6063f11076d12dfe3
si.hit.gemius.pl,AVAILABILITY,origin.list,origin.list,2021-10-03 05:52:50.333552,7ebf3eb6063f11076d12dfe3
sk.hit.gemius.pl,AVAILABILITY,origin.list,origin.list,2021-10-03 05:52:51.954770,7ebf3eb6063f11076d12dfe3
slovakia.hit.gemius.pl,AVAILABILITY,origin.list,origin.list,2021-10-03 05:52:53.406179,7ebf3eb6063f11076d12dfe3
spir.hit.gemius.pl,AVAILABILITY,origin.list,origin.list,2021-10-03 05:52:54.873821,7ebf3eb6063f11076d12dfe3
spl.hit.gemius.pl,AVAILABILITY,origin.list,origin.list,2021-10-03 05:52:56.576090,7ebf3eb6063f11076d12dfe3
sportaladbg.hit.gemius.pl,AVAILABILITY,origin.list,origin.list,2021-10-03 05:52:58.194992,7ebf3eb6063f11076d12dfe3
st.hit.gemius.pl,AVAILABILITY,origin.list,origin.list,2021-10-03 05:52:59.838041,7ebf3eb6063f11076d12dfe3
st1.hit.gemius.pl,AVAILABILITY,origin.list,origin.list,2021-10-03 05:53:01.451431,7ebf3eb6063f11076d12dfe3
std1.hit.gemius.pl,AVAILABILITY,origin.list,origin.list,2021-10-03 05:53:03.054803,7ebf3eb6063f11076d12dfe3
str.hit.gemius.pl,AVAILABILITY,origin.list,origin.list,2021-10-03 05:53:04.667945,7ebf3eb6063f11076d12dfe3
stua.hit.gemius.pl,AVAILABILITY,origin.list,origin.list,2021-10-03 05:53:06.354343,7ebf3eb6063f11076d12dfe3
thinkdigitaladro.hit.gemius.pl,AVAILABILITY,origin.list,origin.list,2021-10-03 05:53:08.051711,7ebf3eb6063f11076d12dfe3
tr.hit.gemius.pl,AVAILABILITY,origin.list,origin.list,2021-10-03 05:53:09.477066,7ebf3eb6063f11076d12dfe3
tvn.hit.gemius.pl,AVAILABILITY,origin.list,origin.list,2021-10-03 05:53:10.945080,7ebf3eb6063f11076d12dfe3
ua.hit.gemius.pl,AVAILABILITY,origin.list,origin.list,2021-10-03 05:53:12.606963,7ebf3eb6063f11076d12dfe3
vbadbg.hit.gemius.pl,AVAILABILITY,origin.list,origin.list,2021-10-03 05:53:14.241434,7ebf3eb6063f11076d12dfe3
webgroundadbg.hit.gemius.pl,AVAILABILITY,origin.list,origin.list,2021-10-03 05:53:15.879074,7ebf3eb6063f11076d12dfe3
wp.hit.gemius.pl,AVAILABILITY,origin.list,origin.list,2021-10-03 05:53:17.330038,7ebf3eb6063f11076d12dfe3
wykop.hit.gemius.pl,AVAILABILITY,origin.list,origin.list,2021-10-03 05:53:18.946287,7ebf3eb6063f11076d12dfe3
24ratownik.hit.gemius.pl,AVAILABILITY,origin.list,origin.list,2021-10-03 05:53:20.609853,7ebf3eb6063f11076d12dfe3
gdeee.hit.gemius.pl,AVAILABILITY,origin.list,origin.list,2021-10-03 05:53:22.283521,7ebf3eb6063f11076d12dfe3
gdelt.hit.gemius.pl,AVAILABILITY,origin.list,origin.list,2021-10-03 05:53:23.919421,7ebf3eb6063f11076d12dfe3
ghmtr.hit.gemius.pl,AVAILABILITY,origin.list,origin.list,2021-10-03 05:53:25.494469,7ebf3eb6063f11076d12dfe3
go2.hit.gemius.pl,AVAILABILITY,origin.list,origin.list,2021-10-03 05:53:27.127553,7ebf3eb6063f11076d12dfe3
huiwiw.hit.gemius.pl,AVAILABILITY,origin.list,origin.list,2021-10-03 05:53:28.756074,7ebf3eb6063f11076d12dfe3
sec.hit.gemius.pl,AVAILABILITY,origin.list,origin.list,2021-10-03 05:53:30.441812,7ebf3eb6063f11076d12dfe3
101com.com,AVAILABILITY,origin.list,origin.list,2021-10-03 05:53:51.502671,7ebf3eb6063f11076d12dfe3
101order.com,AVAILABILITY,origin.list,origin.list,2021-10-03 05:54:12.404111,7ebf3eb6063f11076d12dfe3
123found.com,AVAILABILITY,origin.list,origin.list,2021-10-03 05:54:13.918041,7ebf3eb6063f11076d12dfe3
123freeavatars.com,AVAILABILITY,origin.list,origin.list,2021-10-03 05:54:15.551909,7ebf3eb6063f11076d12dfe3
180hits.de,AVAILABILITY,origin.list,origin.list,2021-10-03 05:54:17.422314,7ebf3eb6063f11076d12dfe3
180searchassistant.com,AVAILABILITY,origin.list,origin.list,2021-10-03 05:54:21.420864,7ebf3eb6063f11076d12dfe3
207.net,AVAILABILITY,origin.list,origin.list,2021-10-03 05:54:22.449796,7ebf3eb6063f11076d12dfe3
247media.com,AVAILABILITY,origin.list,origin.list,2021-10-03 05:54:43.352752,7ebf3eb6063f11076d12dfe3
24log.com,AVAILABILITY,origin.list,origin.list,2021-10-03 05:54:44.960748,7ebf3eb6063f11076d12dfe3
24log.de,AVAILABILITY,origin.list,origin.list,2021-10-03 05:54:47.077312,7ebf3eb6063f11076d12dfe3
24pm-affiliation.com,AVAILABILITY,origin.list,origin.list,2021-10-03 05:54:47.858215,7ebf3eb6063f11076d12dfe3
2mdn.net,AVAILABILITY,origin.list,origin.list,2021-10-03 05:54:48.688532,7ebf3eb6063f11076d12dfe3
2o7.net,AVAILABILITY,origin.list,origin.list,2021-10-03 05:54:49.616009,7ebf3eb6063f11076d12dfe3
33across.com,AVAILABILITY,origin.list,origin.list,2021-10-03 05:54:50.656153,7ebf3eb6063f11076d12dfe3
360yield.com,AVAILABILITY,origin.list,origin.list,2021-10-03 05:54:53.509273,7ebf3eb6063f11076d12dfe3
3lift.com,AVAILABILITY,origin.list,origin.list,2021-10-03 05:54:54.688954,7ebf3eb6063f11076d12dfe3
4affiliate.net,AVAILABILITY,origin.list,origin.list,2021-10-03 05:54:56.649452,7ebf3eb6063f11076d12dfe3
4d5.net,AVAILABILITY,origin.list,origin.list,2021-10-03 05:54:57.741533,7ebf3eb6063f11076d12dfe3
50websads.com,AVAILABILITY,origin.list,origin.list,2021-10-03 05:54:59.400621,7ebf3eb6063f11076d12dfe3
518ad.com,AVAILABILITY,origin.list,origin.list,2021-10-03 05:55:00.321241,7ebf3eb6063f11076d12dfe3
51yes.com,AVAILABILITY,origin.list,origin.list,2021-10-03 05:55:19.530086,7ebf3eb6063f11076d12dfe3
600z.com,AVAILABILITY,origin.list,origin.list,2021-10-03 05:55:20.434362,7ebf3eb6063f11076d12dfe3
777partner.com,AVAILABILITY,origin.list,origin.list,2021-10-03 05:55:24.697979,7ebf3eb6063f11076d12dfe3
77tracking.com,AVAILABILITY,origin.list,origin.list,2021-10-03 05:55:26.627829,7ebf3eb6063f11076d12dfe3
7bpeople.com,AVAILABILITY,origin.list,origin.list,2021-10-03 05:55:28.208666,7ebf3eb6063f11076d12dfe3
7search.com,AVAILABILITY,origin.list,origin.list,2021-10-03 05:55:29.475277,7ebf3eb6063f11076d12dfe3
99count.com,AVAILABILITY,origin.list,origin.list,2021-10-03 05:55:50.282389,7ebf3eb6063f11076d12dfe3
a-ads.com,AVAILABILITY,origin.list,origin.list,2021-10-03 05:55:51.038640,7ebf3eb6063f11076d12dfe3
a-counter.kiev.ua,AVAILABILITY,origin.list,origin.list,2021-10-03 05:55:51.819716,7ebf3eb6063f11076d12dfe3
a.aproductmsg.com,AVAILABILITY,origin.list,origin.list,2021-10-03 05:55:52.886163,7ebf3eb6063f11076d12dfe3
a.consumer.net,AVAILABILITY,origin.list,origin.list,2021-10-03 05:55:54.059680,7ebf3eb6063f11076d12dfe3
a.mktw.net,AVAILABILITY,origin.list,origin.list,2021-10-03 05:55:55.039456,7ebf3eb6063f11076d12dfe3
a.sakh.com,AVAILABILITY,origin.list,origin.list,2021-10-03 05:55:56.755914,7ebf3eb6063f11076d12dfe3
a.ucoz.net,AVAILABILITY,origin.list,origin.list,2021-10-03 05:55:58.290508,7ebf3eb6063f11076d12dfe3
a.ucoz.ru,AVAILABILITY,origin.list,origin.list,2021-10-03 05:56:00.256872,7ebf3eb6063f11076d12dfe3
a.xanga.com,AVAILABILITY,origin.list,origin.list,2021-10-03 05:56:01.478317,7ebf3eb6063f11076d12dfe3
a135.wftv.com,AVAILABILITY,origin.list,origin.list,2021-10-03 05:56:02.448636,7ebf3eb6063f11076d12dfe3
aaddzz.com,AVAILABILITY,origin.list,origin.list,2021-10-03 05:56:05.403199,7ebf3eb6063f11076d12dfe3
abacho.net,AVAILABILITY,origin.list,origin.list,2021-10-03 05:56:06.734408,7ebf3eb6063f11076d12dfe3
abc-ads.com,AVAILABILITY,origin.list,origin.list,2021-10-03 05:56:07.740106,7ebf3eb6063f11076d12dfe3
abruptroad.com,AVAILABILITY,origin.list,origin.list,2021-10-03 05:56:08.736877,7ebf3eb6063f11076d12dfe3
abz.com,AVAILABILITY,origin.list,origin.list,2021-10-03 05:56:11.358804,7ebf3eb6063f11076d12dfe3
ac.rnm.ca,AVAILABILITY,origin.list,origin.list,2021-10-03 05:56:32.383215,7ebf3eb6063f11076d12dfe3
actionsplash.com,AVAILABILITY,origin.list,origin.list,2021-10-03 05:56:33.282042,7ebf3eb6063f11076d12dfe3
actualdeals.com,AVAILABILITY,origin.list,origin.list,2021-10-03 05:56:34.672255,7ebf3eb6063f11076d12dfe3
actuallysheep.com,AVAILABILITY,origin.list,origin.list,2021-10-03 05:56:35.717697,7ebf3eb6063f11076d12dfe3
acuityads.com,AVAILABILITY,origin.list,origin.list,2021-10-03 05:56:37.511929,7ebf3eb6063f11076d12dfe3
ad-balancer.at,AVAILABILITY,origin.list,origin.list,2021-10-03 05:56:38.282820,7ebf3eb6063f11076d12dfe3
ad-balancer.net,AVAILABILITY,origin.list,origin.list,2021-10-03 05:56:39.038945,7ebf3eb6063f11076d12dfe3
ad-center.com,AVAILABILITY,origin.list,origin.list,2021-10-03 05:56:39.802030,7ebf3eb6063f11076d12dfe3
ad-miner.com,AVAILABILITY,origin.list,origin.list,2021-10-03 05:56:40.572291,7ebf3eb6063f11076d12dfe3
ad-pay.de,AVAILABILITY,origin.list,origin.list,2021-10-03 05:56:41.358046,7ebf3eb6063f11076d12dfe3
ad-rotator.com,AVAILABILITY,origin.list,origin.list,2021-10-03 05:56:42.141935,7ebf3eb6063f11076d12dfe3
ad-server.gulasidorna.se,AVAILABILITY,origin.list,origin.list,2021-10-03 05:56:42.924736,7ebf3eb6063f11076d12dfe3
ad-serverparc.nl,AVAILABILITY,origin.list,origin.list,2021-10-03 05:56:43.735852,7ebf3eb6063f11076d12dfe3
ad-souk.com,AVAILABILITY,origin.list,origin.list,2021-10-03 05:56:44.522093,7ebf3eb6063f11076d12dfe3
ad-space.net,AVAILABILITY,origin.list,origin.list,2021-10-03 05:56:45.275203,7ebf3eb6063f11076d12dfe3
ad-tech.com,AVAILABILITY,origin.list,origin.list,2021-10-03 05:56:46.030547,7ebf3eb6063f11076d12dfe3
ad-up.com,AVAILABILITY,origin.list,origin.list,2021-10-03 05:56:46.784109,7ebf3eb6063f11076d12dfe3
ad.71i.de,AVAILABILITY,origin.list,origin.list,2021-10-03 05:56:48.032585,7ebf3eb6063f11076d12dfe3
ad.a8.net,AVAILABILITY,origin.list,origin.list,2021-10-03 05:56:49.083614,7ebf3eb6063f11076d12dfe3
ad.abcnews.com,AVAILABILITY,origin.list,origin.list,2021-10-03 05:57:10.057624,7ebf3eb6063f11076d12dfe3
ad.abctv.com,AVAILABILITY,origin.list,origin.list,2021-10-03 05:57:31.012000,7ebf3eb6063f11076d12dfe3
ad.aboutwebservices.com,AVAILABILITY,origin.list,origin.list,2021-10-03 05:57:32.164078,7ebf3eb6063f11076d12dfe3
ad.abum.com,AVAILABILITY,origin.list,origin.list,2021-10-03 05:57:33.289564,7ebf3eb6063f11076d12dfe3
ad.admitad.com,AVAILABILITY,origin.list,origin.list,2021-10-03 05:57:34.408113,7ebf3eb6063f11076d12dfe3
ad.allstar.cz,AVAILABILITY,origin.list,origin.list,2021-10-03 05:57:55.760413,7ebf3eb6063f11076d12dfe3
ad.altervista.org,AVAILABILITY,origin.list,origin.list,2021-10-03 05:57:57.016672,7ebf3eb6063f11076d12dfe3
ad.amgdgt.com,AVAILABILITY,origin.list,origin.list,2021-10-03 05:57:58.128557,7ebf3eb6063f11076d12dfe3
ad.anuntis.com,AVAILABILITY,origin.list,origin.list,2021-10-03 05:58:19.099574,7ebf3eb6063f11076d12dfe3
ad.auditude.com,AVAILABILITY,origin.list,origin.list,2021-10-03 05:58:19.984409,7ebf3eb6063f11076d12dfe3
ad.bizo.com,AVAILABILITY,origin.list,origin.list,2021-10-03 05:58:20.857325,7ebf3eb6063f11076d12dfe3
ad.bnmla.com,AVAILABILITY,origin.list,origin.list,2021-10-03 05:58:22.038041,7ebf3eb6063f11076d12dfe3
ad.bondage.com,AVAILABILITY,origin.list,origin.list,2021-10-03 05:58:23.125729,7ebf3eb6063f11076d12dfe3
ad.caradisiac.com,AVAILABILITY,origin.list,origin.list,2021-10-03 05:58:43.982984,7ebf3eb6063f11076d12dfe3
ad.centrum.cz,AVAILABILITY,origin.list,origin.list,2021-10-03 05:58:48.822739,7ebf3eb6063f11076d12dfe3
ad.cgi.cz,AVAILABILITY,origin.list,origin.list,2021-10-03 05:58:51.178381,7ebf3eb6063f11076d12dfe3
ad.clix.pt,AVAILABILITY,origin.list,origin.list,2021-10-03 05:58:53.037002,7ebf3eb6063f11076d12dfe3
ad.cooks.com,AVAILABILITY,origin.list,origin.list,2021-10-03 05:58:58.813625,7ebf3eb6063f11076d12dfe3
ad.crwdcntrl.net,AVAILABILITY,origin.list,origin.list,2021-10-03 05:59:00.463305,7ebf3eb6063f11076d12dfe3
ad.digitallook.com,AVAILABILITY,origin.list,origin.list,2021-10-03 05:59:01.667449,7ebf3eb6063f11076d12dfe3
ad.domainfactory.de,AVAILABILITY,origin.list,origin.list,2021-10-03 05:59:22.514178,7ebf3eb6063f11076d12dfe3
ad.flurry.com,AVAILABILITY,origin.list,origin.list,2021-10-03 05:59:24.368616,7ebf3eb6063f11076d12dfe3
ad.foxnetworks.com,AVAILABILITY,origin.list,origin.list,2021-10-03 05:59:25.440626,7ebf3eb6063f11076d12dfe3
ad.grafika.cz,AVAILABILITY,origin.list,origin.list,2021-10-03 05:59:47.196570,7ebf3eb6063f11076d12dfe3
ad.hbv.de,AVAILABILITY,origin.list,origin.list,2021-10-03 06:00:08.338067,7ebf3eb6063f11076d12dfe3
ad.hodomobile.com,AVAILABILITY,origin.list,origin.list,2021-10-03 06:00:29.281986,7ebf3eb6063f11076d12dfe3
ad.hyena.cz,AVAILABILITY,origin.list,origin.list,2021-10-03 06:00:31.604138,7ebf3eb6063f11076d12dfe3
ad.iinfo.cz,AVAILABILITY,origin.list,origin.list,2021-10-03 06:00:33.969776,7ebf3eb6063f11076d12dfe3
ad.infoseek.com,AVAILABILITY,origin.list,origin.list,2021-10-03 06:00:35.572615,7ebf3eb6063f11076d12dfe3
ad.jetsoftware.com,AVAILABILITY,origin.list,origin.list,2021-10-03 06:00:37.025506,7ebf3eb6063f11076d12dfe3
ad.keenspace.com,AVAILABILITY,origin.list,origin.list,2021-10-03 06:00:37.948718,7ebf3eb6063f11076d12dfe3
ad.liveinternet.ru,AVAILABILITY,origin.list,origin.list,2021-10-03 06:00:59.862902,7ebf3eb6063f11076d12dfe3
ad.lupa.cz,AVAILABILITY,origin.list,origin.list,2021-10-03 06:01:01.779009,7ebf3eb6063f11076d12dfe3
ad.media-servers.net,AVAILABILITY,origin.list,origin.list,2021-10-03 06:01:02.570446,7ebf3eb6063f11076d12dfe3
ad.mediastorm.hu,AVAILABILITY,origin.list,origin.list,2021-10-03 06:01:04.032140,7ebf3eb6063f11076d12dfe3
ad.mgd.de,AVAILABILITY,origin.list,origin.list,2021-10-03 06:01:05.531859,7ebf3eb6063f11076d12dfe3
ad.musicmatch.com,AVAILABILITY,origin.list,origin.list,2021-10-03 06:01:06.362523,7ebf3eb6063f11076d12dfe3
ad.nachtagenten.de,AVAILABILITY,origin.list,origin.list,2021-10-03 06:01:27.497398,7ebf3eb6063f11076d12dfe3
ad.nozonedata.com,AVAILABILITY,origin.list,origin.list,2021-10-03 06:01:29.733600,7ebf3eb6063f11076d12dfe3
ad.nttnavi.co.jp,AVAILABILITY,origin.list,origin.list,2021-10-03 06:01:50.821465,7ebf3eb6063f11076d12dfe3
ad.nwt.cz,AVAILABILITY,origin.list,origin.list,2021-10-03 06:01:52.281405,7ebf3eb6063f11076d12dfe3
ad.preferances.com,AVAILABILITY,origin.list,origin.list,2021-10-03 06:01:53.190162,7ebf3eb6063f11076d12dfe3
ad.profiwin.de,AVAILABILITY,origin.list,origin.list,2021-10-03 06:01:56.540378,7ebf3eb6063f11076d12dfe3
ad.prv.pl,AVAILABILITY,origin.list,origin.list,2021-10-03 06:01:58.141433,7ebf3eb6063f11076d12dfe3
ad.sensismediasmart.com.au,AVAILABILITY,origin.list,origin.list,2021-10-03 06:02:00.047135,7ebf3eb6063f11076d12dfe3
ad.simgames.net,AVAILABILITY,origin.list,origin.list,2021-10-03 06:02:01.316071,7ebf3eb6063f11076d12dfe3
ad.technoratimedia.com,AVAILABILITY,origin.list,origin.list,2021-10-03 06:02:02.595231,7ebf3eb6063f11076d12dfe3
ad.thewheelof.com,AVAILABILITY,origin.list,origin.list,2021-10-03 06:02:04.471336,7ebf3eb6063f11076d12dfe3
ad.turn.com,AVAILABILITY,origin.list,origin.list,2021-10-03 06:02:05.928216,7ebf3eb6063f11076d12dfe3
ad.tv2.no,AVAILABILITY,origin.list,origin.list,2021-10-03 06:02:07.430994,7ebf3eb6063f11076d12dfe3
ad.usatoday.com,AVAILABILITY,origin.list,origin.list,2021-10-03 06:02:08.797497,7ebf3eb6063f11076d12dfe3
ad.virtual-nights.com,AVAILABILITY,origin.list,origin.list,2021-10-03 06:02:09.573792,7ebf3eb6063f11076d12dfe3
ad.wavu.hu,AVAILABILITY,origin.list,origin.list,2021-10-03 06:02:30.882335,7ebf3eb6063f11076d12dfe3
ad.weatherbug.com,AVAILABILITY,origin.list,origin.list,2021-10-03 06:02:32.043282,7ebf3eb6063f11076d12dfe3
ad.wsod.com,AVAILABILITY,origin.list,origin.list,2021-10-03 06:02:33.072280,7ebf3eb6063f11076d12dfe3
ad.wz.cz,AVAILABILITY,origin.list,origin.list,2021-10-03 06:02:34.512900,7ebf3eb6063f11076d12dfe3
ad.xrea.com,AVAILABILITY,origin.list,origin.list,2021-10-03 06:02:55.649118,7ebf3eb6063f11076d12dfe3
ad.yadro.ru,AVAILABILITY,origin.list,origin.list,2021-10-03 06:03:17.226587,7ebf3eb6063f11076d12dfe3
ad.zanox.com,AVAILABILITY,origin.list,origin.list,2021-10-03 06:03:18.647266,7ebf3eb6063f11076d12dfe3
ad0.bigmir.net,AVAILABILITY,origin.list,origin.list,2021-10-03 06:03:20.265278,7ebf3eb6063f11076d12dfe3
ad01.mediacorpsingapore.com,AVAILABILITY,origin.list,origin.list,2021-10-03 06:03:41.150550,7ebf3eb6063f11076d12dfe3
ad1.emule-project.org,AVAILABILITY,origin.list,origin.list,2021-10-03 06:03:41.912771,7ebf3eb6063f11076d12dfe3
ad1.kde.cz,AVAILABILITY,origin.list,origin.list,2021-10-03 06:03:44.655667,7ebf3eb6063f11076d12dfe3
ad1.pamedia.com.au,AVAILABILITY,origin.list,origin.list,2021-10-03 06:04:05.546126,7ebf3eb6063f11076d12dfe3
ad2.iinfo.cz,AVAILABILITY,origin.list,origin.list,2021-10-03 06:04:07.454042,7ebf3eb6063f11076d12dfe3
ad2.lupa.cz,AVAILABILITY,origin.list,origin.list,2021-10-03 06:04:09.810931,7ebf3eb6063f11076d12dfe3
ad2.xrea.com,AVAILABILITY,origin.list,origin.list,2021-10-03 06:04:31.103036,7ebf3eb6063f11076d12dfe3
ad2flash.com,AVAILABILITY,origin.list,origin.list,2021-10-03 06:04:32.373362,7ebf3eb6063f11076d12dfe3
ad3.iinfo.cz,AVAILABILITY,origin.list,origin.list,2021-10-03 06:04:34.325496,7ebf3eb6063f11076d12dfe3
ad3.pamedia.com.au,AVAILABILITY,origin.list,origin.list,2021-10-03 06:04:55.280936,7ebf3eb6063f11076d12dfe3
ad3.xrea.com,AVAILABILITY,origin.list,origin.list,2021-10-03 06:05:16.478982,7ebf3eb6063f11076d12dfe3
ad4game.com,AVAILABILITY,origin.list,origin.list,2021-10-03 06:05:18.265404,7ebf3eb6063f11076d12dfe3
ad4mat.com,AVAILABILITY,origin.list,origin.list,2021-10-03 06:05:20.797313,7ebf3eb6063f11076d12dfe3
ad4mat.de,AVAILABILITY,origin.list,origin.list,2021-10-03 06:05:22.009646,7ebf3eb6063f11076d12dfe3
ad4mat.net,AVAILABILITY,origin.list,origin.list,2021-10-03 06:05:23.097837,7ebf3eb6063f11076d12dfe3
adaction.de,AVAILABILITY,origin.list,origin.list,2021-10-03 06:05:24.376434,7ebf3eb6063f11076d12dfe3
adadvisor.net,AVAILABILITY,origin.list,origin.list,2021-10-03 06:05:25.542951,7ebf3eb6063f11076d12dfe3
adap.tv,AVAILABILITY,origin.list,origin.list,2021-10-03 06:05:26.666022,7ebf3eb6063f11076d12dfe3
adapt.tv,AVAILABILITY,origin.list,origin.list,2021-10-03 06:05:27.859215,7ebf3eb6063f11076d12dfe3
adbard.net,AVAILABILITY,origin.list,origin.list,2021-10-03 06:05:29.211762,7ebf3eb6063f11076d12dfe3
adblade.com,AVAILABILITY,origin.list,origin.list,2021-10-03 06:05:30.799431,7ebf3eb6063f11076d12dfe3
adblockanalytics.com,AVAILABILITY,origin.list,origin.list,2021-10-03 06:05:32.359294,7ebf3eb6063f11076d12dfe3
adboost.net,AVAILABILITY,origin.list,origin.list,2021-10-03 06:05:53.206222,7ebf3eb6063f11076d12dfe3
adbooth.net,AVAILABILITY,origin.list,origin.list,2021-10-03 06:05:55.302460,7ebf3eb6063f11076d12dfe3
adbot.com,AVAILABILITY,origin.list,origin.list,2021-10-03 06:06:16.354801,7ebf3eb6063f11076d12dfe3
adbrite.com,AVAILABILITY,origin.list,origin.list,2021-10-03 06:06:37.234505,7ebf3eb6063f11076d12dfe3
adbrn.com,AVAILABILITY,origin.list,origin.list,2021-10-03 06:06:38.137929,7ebf3eb6063f11076d12dfe3
adbroker.de,AVAILABILITY,origin.list,origin.list,2021-10-03 06:06:42.520102,7ebf3eb6063f11076d12dfe3
adbunker.com,AVAILABILITY,origin.list,origin.list,2021-10-03 06:06:43.809919,7ebf3eb6063f11076d12dfe3
adbutler.com,AVAILABILITY,origin.list,origin.list,2021-10-03 06:06:44.811171,7ebf3eb6063f11076d12dfe3
adbuyer.com,AVAILABILITY,origin.list,origin.list,2021-10-03 06:07:05.717382,7ebf3eb6063f11076d12dfe3
adbuyer3.lycos.com,AVAILABILITY,origin.list,origin.list,2021-10-03 06:07:07.551329,7ebf3eb6063f11076d12dfe3
adcash.com,AVAILABILITY,origin.list,origin.list,2021-10-03 06:07:08.539296,7ebf3eb6063f11076d12dfe3
adcast.deviantart.com,AVAILABILITY,origin.list,origin.list,2021-10-03 06:07:09.509711,7ebf3eb6063f11076d12dfe3
adcell.de,AVAILABILITY,origin.list,origin.list,2021-10-03 06:07:12.974510,7ebf3eb6063f11076d12dfe3
adcenter.net,AVAILABILITY,origin.list,origin.list,2021-10-03 06:07:14.044505,7ebf3eb6063f11076d12dfe3
adcentriconline.com,AVAILABILITY,origin.list,origin.list,2021-10-03 06:07:15.733007,7ebf3eb6063f11076d12dfe3
adcept.net,AVAILABILITY,origin.list,origin.list,2021-10-03 06:07:18.144159,7ebf3eb6063f11076d12dfe3
adclick.com,AVAILABILITY,origin.list,origin.list,2021-10-03 06:07:19.817447,7ebf3eb6063f11076d12dfe3
adclient1.tucows.com,AVAILABILITY,origin.list,origin.list,2021-10-03 06:07:41.032541,7ebf3eb6063f11076d12dfe3
adcomplete.com,AVAILABILITY,origin.list,origin.list,2021-10-03 06:07:42.443032,7ebf3eb6063f11076d12dfe3
adconion.com,AVAILABILITY,origin.list,origin.list,2021-10-03 06:08:03.521681,7ebf3eb6063f11076d12dfe3
adcontent.gamespy.com,AVAILABILITY,origin.list,origin.list,2021-10-03 06:08:04.594347,7ebf3eb6063f11076d12dfe3
adcycle.com,AVAILABILITY,origin.list,origin.list,2021-10-03 06:08:05.533585,7ebf3eb6063f11076d12dfe3
add.newmedia.cz,AVAILABILITY,origin.list,origin.list,2021-10-03 06:08:07.919091,7ebf3eb6063f11076d12dfe3
addfreestats.com,AVAILABILITY,origin.list,origin.list,2021-10-03 06:08:11.771880,7ebf3eb6063f11076d12dfe3
addme.com,AVAILABILITY,origin.list,origin.list,2021-10-03 06:08:12.964155,7ebf3eb6063f11076d12dfe3
adecn.com,AVAILABILITY,origin.list,origin.list,2021-10-03 06:08:15.157661,7ebf3eb6063f11076d12dfe3
ademails.com,AVAILABILITY,origin.list,origin.list,2021-10-03 06:08:16.573919,7ebf3eb6063f11076d12dfe3
adengage.com,AVAILABILITY,origin.list,origin.list,2021-10-03 06:08:37.500664,7ebf3eb6063f11076d12dfe3
adexchangegate.com,AVAILABILITY,origin.list,origin.list,2021-10-03 06:08:38.475013,7ebf3eb6063f11076d12dfe3
adexchangeprediction.com,AVAILABILITY,origin.list,origin.list,2021-10-03 06:08:39.435495,7ebf3eb6063f11076d12dfe3
adexcite.com,AVAILABILITY,origin.list,origin.list,2021-10-03 06:08:40.396920,7ebf3eb6063f11076d12dfe3
adexpose.com,AVAILABILITY,origin.list,origin.list,2021-10-03 06:08:41.459657,7ebf3eb6063f11076d12dfe3
adext.inkclub.com,AVAILABILITY,origin.list,origin.list,2021-10-03 06:08:42.936201,7ebf3eb6063f11076d12dfe3
adf.ly,AVAILABILITY,origin.list,origin.list,2021-10-03 06:08:44.040342,7ebf3eb6063f11076d12dfe3
adflight.com,AVAILABILITY,origin.list,origin.list,2021-10-03 06:08:45.335174,7ebf3eb6063f11076d12dfe3
adforce.com,AVAILABILITY,origin.list,origin.list,2021-10-03 06:08:46.720369,7ebf3eb6063f11076d12dfe3
adform.com,AVAILABILITY,origin.list,origin.list,2021-10-03 06:08:50.415886,7ebf3eb6063f11076d12dfe3
adformdsp.net,AVAILABILITY,origin.list,origin.list,2021-10-03 06:08:51.387026,7ebf3eb6063f11076d12dfe3
adgardener.com,AVAILABILITY,origin.list,origin.list,2021-10-03 06:08:53.058608,7ebf3eb6063f11076d12dfe3
adgoto.com,AVAILABILITY,origin.list,origin.list,2021-10-03 06:09:13.939860,7ebf3eb6063f11076d12dfe3
adgridwork.com,AVAILABILITY,origin.list,origin.list,2021-10-03 06:09:14.790441,7ebf3eb6063f11076d12dfe3
adhese.be,AVAILABILITY,origin.list,origin.list,2021-10-03 06:09:16.813459,7ebf3eb6063f11076d12dfe3
adhese.com,AVAILABILITY,origin.list,origin.list,2021-10-03 06:09:18.724779,7ebf3eb6063f11076d12dfe3
adhoc4.net,AVAILABILITY,origin.list,origin.list,2021-10-03 06:09:19.775507,7ebf3eb6063f11076d12dfe3
adimage.guardian.co.uk,AVAILABILITY,origin.list,origin.list,2021-10-03 06:09:21.285753,7ebf3eb6063f11076d12dfe3
adimages.been.com,AVAILABILITY,origin.list,origin.list,2021-10-03 06:09:22.262133,7ebf3eb6063f11076d12dfe3
adimages.carsoup.com,AVAILABILITY,origin.list,origin.list,2021-10-03 06:09:23.339647,7ebf3eb6063f11076d12dfe3
adimages.go.com,AVAILABILITY,origin.list,origin.list,2021-10-03 06:09:44.282249,7ebf3eb6063f11076d12dfe3
